Hybrid,Yield,DTA,DTS,PHT,EHT
B14A/H95,7.211381139,56.68049524,58.04236377,229.9598463,103.3801334
B14A/MO17,9.305772373,56.06708457,57.11343218,242.3802352,108.6064834
B14A/OH43,9.853619169,55.15783908,55.44505388,246.557929,109.4713164
B37/H95,8.324972509,56.74202465,59.9754176,237.8717317,95.25528611
B37/MO17,6.9251141,56.23553551,59.25936974,239.4103941,105.6658835
B37/OH43,7.447449185,54.20520398,56.48389892,239.3752433,98.31061909
B73/MO17,10.29272023,54.94516738,56.94603213,247.4800072,119.45855
B73/PHM49,6.085644011,54.24516413,56.00558434,213.7123733,103.937315
B73/PHN82,8.90889728,54.59946134,56.17827466,232.7047492,101.8367499
B73/TX779,9.01865292,59.77620045,63.19358054,246.9911001,126.3654832
CG44/CGR01,6.80587881,48.34109539,49.18897509,193.9955933,82.45966037
CG119/CG108,4.559692006,46.26606366,47.46110098,165.6636351,76.2409528
F42/H95,8.496986681,54.35448831,55.51607104,227.9811739,97.11982854
F42/MO17,9.181653092,54.36265316,56.92665355,251.3674682,113.0477369
F42/OH43,8.311247558,53.65665176,54.90891667,239.3157257,107.595461
LH74/PHN82,8.34319991,52.64545191,53.26677864,202.5677775,89.71542164
LH82/TX779,8.945096647,61.33625443,64.33486759,226.3335463,121.2345254
PB80/TX779,9.112563341,61.12599814,63.4929221,223.9904385,115.2364625
PHB47/PHN82,7.826003445,54.29218033,55.49105465,214.5056605,87.3664313
PHG39/PHN82,7.29945276,56.71986458,58.16858913,226.8078126,97.35967536
PHW52/PHM49,7.421951595,56.1634954,58.2250713,229.1530531,98.03308544
PHW52/PHN82,6.94113705,55.03405263,57.2205389,216.4965097,82.89634637
TX714/TX779,9.011682784,62.08955119,64.33428907,258.1123634,149.7411935
TX773/TX779,11.97528467,67.93458467,71.83612219,241.2944787,146.9827647
TX777/LH195,10.07404615,64.30447973,66.01594181,248.4258861,121.7509705
TX779/LH195,9.302009881,61.16805189,61.94897968,219.8981728,114.2744748
W10004_0006/PHK76,9.00955679,48.61390877,49.74068571,216.8985265,102.351654
W10004_0006/PHP02,8.500112075,49.7022042,50.67355359,215.4716305,96.21900758
W10004_0006/PHZ51,8.559477473,51.97104589,53.35075976,238.6253148,101.0876642
W10004_0007/PHK76,6.955191993,52.28901612,52.57486954,207.587581,89.2036739
W10004_0007/PHP02,9.523861577,51.22799723,51.51427195,204.8536697,91.02132727
W10004_0007/PHZ51,10.04142249,54.49536074,54.48954979,238.7257195,105.4464001
W10004_0008/PHK76,NA,52.67474092,52.88937989,210.8995633,105.6127541
W10004_0008/PHP02,10.11464029,50.46044393,51.34408865,239.1247188,125.5905375
W10004_0008/PHZ51,8.559771063,53.11958865,54.9617097,239.9331261,99.31050527
W10004_0010/PHK76,6.589283694,51.76126908,52.72172699,238.3856855,116.6430341
W10004_0010/PHP02,7.937195747,52.9191965,53.65989845,250.7564704,116.5043461
W10004_0010/PHZ51,6.303490768,53.65503927,54.36721856,266.1990512,94.71698039
W10004_0011/PHK76,7.434750879,52.49758771,51.49701236,213.0572452,92.60680168
W10004_0011/PHP02,11.34412147,50.12797125,52.47575687,228.8979353,78.66988255
W10004_0011/PHZ51,7.695520896,52.12061194,53.19194833,251.7039716,124.5473129
W10004_0013/PHK76,7.474609207,51.3920021,51.64774018,237.527801,115.7685455
W10004_0013/PHP02,6.720624776,50.45977575,50.39722823,222.8672821,94.10403308
W10004_0013/PHZ51,8.964632673,51.36199777,52.23136765,251.3716891,117.8289786
W10004_0014/PHK76,10.99228066,50.89317788,52.13678813,244.8566608,115.8781834
W10004_0014/PHP02,8.479149819,51.20308442,52.32497349,249.0520427,129.936392
W10004_0014/PHZ51,9.314650122,53.24290123,53.15259857,254.2204158,102.479973
W10004_0018/PHK76,6.97582864,50.3200094,50.14934734,210.0660443,96.68839176
W10004_0018/PHP02,7.736489141,51.20797208,51.92098226,226.5076736,109.3574485
W10004_0018/PHZ51,9.43114397,53.30481593,52.6577937,252.7985951,120.568968
W10004_0026/PHK76,7.427986638,53.67003142,53.60858137,227.287435,100.5926888
W10004_0026/PHP02,9.388178569,50.98779765,51.39565219,230.9166954,104.9768871
W10004_0026/PHZ51,8.145227552,52.66120802,52.46296568,254.8869439,117.4391966
W10004_0027/PHK76,7.372201315,50.96326157,50.82653195,207.4643776,91.29869424
W10004_0027/PHP02,9.229108681,50.67062019,51.61201335,207.2628324,84.93441834
W10004_0027/PHZ51,7.240996525,52.77842837,54.2353096,233.4235075,109.1689164
W10004_0031/PHK76,6.885291474,51.8730007,52.27566506,239.5531006,119.1316028
W10004_0031/PHP02,7.225643002,52.42136352,53.73702825,246.9103022,120.3789702
W10004_0031/PHZ51,6.986426356,51.09935292,52.14065741,262.7339005,118.5786804
W10004_0032/PHK76,5.066642086,51.83918189,51.56204605,207.8302583,90.62634436
W10004_0032/PHP02,8.265300271,51.52708165,51.54043826,212.7886973,105.3181193
W10004_0032/PHZ51,6.536103583,53.22932492,53.7961696,247.8298537,117.1523493
W10004_0034/PHK76,8.300816467,51.33824594,52.00745816,213.6841836,87.36107209
W10004_0034/PHP02,7.542449729,52.77850855,54.01180675,212.5470995,104.5874861
W10004_0034/PHZ51,9.60058477,52.63129067,53.79768072,269.4619525,146.3528572
W10004_0035/PHK76,9.476774643,49.48468961,49.38100788,237.5079867,109.270693
W10004_0035/PHP02,8.539612673,49.48590287,51.68385972,233.3002718,98.18044383
W10004_0035/PHZ51,7.609167201,52.48965892,52.48942899,262.5863,106.844597
W10004_0037/PHK76,5.13575995,52.81226214,52.44892876,229.0174903,118.3454496
W10004_0037/PHP02,7.906330224,51.44769694,52.38365657,234.7170164,132.2305966
W10004_0037/PHZ51,8.6303066,52.93745196,54.38611933,241.0101484,115.4790427
W10004_0038/PHK76,7.097385158,51.55540246,51.74717314,219.2906431,99.48949567
W10004_0038/PHP02,NA,52.23380285,53.81094574,213.4179127,104.7807955
W10004_0038/PHZ51,6.990564669,53.20023101,54.11237391,252.6947938,121.1839741
W10004_0039/PHK76,8.857246363,51.58160591,51.51565767,229.1590995,99.94718975
W10004_0039/PHP02,6.578179235,53.95154975,53.61349959,243.368164,106.7168042
W10004_0039/PHZ51,6.786052898,53.62090874,53.61850221,246.2538039,128.4426099
W10004_0041/PHK76,8.06771276,52.27815085,51.77876999,233.6968603,109.4881301
W10004_0041/PHP02,8.890440226,50.14889036,50.94420264,230.0815605,102.9910661
W10004_0041/PHZ51,8.227864046,52.85607035,53.42471411,248.5559005,102.421148
W10004_0042/PHK76,8.021645613,50.88363575,51.191557,223.9350028,80.38312376
W10004_0042/PHP02,8.832238427,50.0525619,52.20297406,237.9127746,106.9222616
W10004_0042/PHZ51,8.672830143,51.40210651,53.42426222,258.2332422,105.1980742
W10004_0045/PHK76,9.036415341,51.55249434,51.90586857,253.2442206,122.4774976
W10004_0045/PHP02,7.939995923,51.94939959,52.60860776,246.5646604,125.2870568
W10004_0045/PHZ51,8.398138491,53.65993156,53.19913684,262.3136499,127.7123622
W10004_0046/PHK76,7.535165918,51.79544146,52.55103064,212.3346726,99.54142732
W10004_0046/PHP02,8.641682652,50.35676712,51.51527926,199.8663697,89.4349565
W10004_0046/PHZ51,9.518007811,52.34690971,54.01124055,245.9642592,104.1906411
W10004_0047/PHK76,6.681957873,51.68466383,52.46676592,224.8283255,87.48833451
W10004_0047/PHP02,7.648845349,50.28608056,53.24051841,210.0260414,90.61792446
W10004_0047/PHZ51,8.275885242,50.15333392,54.27130716,249.4798713,87.79000058
W10004_0053/PHK76,8.762692085,52.05275862,51.99883493,229.0033301,116.952616
W10004_0053/PHP02,8.815990518,52.08962421,52.73168312,241.5871782,118.964464
W10004_0053/PHZ51,9.383718867,55.109599,53.97743289,246.6485476,111.3557953
W10004_0055/PHK76,7.787500164,50.97875039,51.1732859,233.8925006,106.0148996
W10004_0055/PHP02,10.02674933,51.54084058,52.2274257,246.5359155,120.5934196
W10004_0055/PHZ51,8.480214269,53.25741691,55.8688387,268.9423552,129.1148999
W10004_0059/PHK76,7.703495937,49.63969404,49.52452431,208.4948362,84.85730989
W10004_0059/PHP02,7.72059929,49.00425278,51.27993206,221.792919,95.13104726
W10004_0059/PHZ51,7.885590412,52.23898522,53.89172785,253.2391216,108.6376956
W10004_0061/PHK76,6.684115437,51.2029151,51.29199708,205.1880445,83.73727531
W10004_0061/PHP02,7.172751172,51.99673671,53.29939431,209.9846145,83.92090286
W10004_0061/PHZ51,8.49658555,54.52937683,55.18133485,252.4803412,124.7150114
W10004_0062/PHK76,7.867225288,51.82461743,53.47037063,213.7951187,75.10331977
W10004_0062/PHP02,6.60059636,51.86131545,52.80366501,209.9490844,93.90033802
W10004_0062/PHZ51,7.092970733,53.03221958,54.83063114,248.7751187,108.7188088
W10004_0063/PHK76,8.984854964,51.02263347,51.04557365,247.2322087,94.2953416
W10004_0063/PHP02,8.619812022,51.33610732,52.52842735,231.2086921,101.7701659
W10004_0063/PHZ51,7.207900069,51.68181685,53.60115,250.7633272,102.3783257
W10004_0064/PHK76,NA,51.22210378,51.71100198,206.8121554,104.1695987
W10004_0064/PHP02,7.647138688,51.07607668,50.49732873,226.2930706,118.4018808
W10004_0064/PHZ51,8.594284847,53.27514172,52.87758334,252.8957903,104.1549538
W10004_0065/PHK76,7.509246838,52.34699865,53.4477878,195.6063548,89.16928163
W10004_0065/PHP02,7.668031875,51.05284375,52.42610389,214.9142759,102.2507145
W10004_0065/PHZ51,8.028694758,52.08850712,52.5081396,235.5509072,102.4498177
W10004_0068/PHK76,8.087765502,50.51633092,50.68477859,221.2447533,104.3452471
W10004_0068/PHP02,8.660410273,50.97255047,52.39588642,212.9035771,88.88465787
W10004_0068/PHZ51,6.772292294,53.75035914,53.40300758,253.507461,105.7432641
W10004_0069/PHK76,8.082184188,51.93463907,51.79204481,240.4047022,105.885832
W10004_0069/PHP02,8.78996223,51.24075523,50.64134962,218.2587054,92.3035737
W10004_0069/PHZ51,8.389411236,52.6634482,53.33273824,248.9225111,103.5935105
W10004_0070/PHK76,NA,51.75912573,51.88378646,193.7340108,72.51569741
W10004_0070/PHP02,7.266138769,50.95320361,51.7752419,207.6651424,80.09393054
W10004_0070/PHZ51,8.585378009,52.56081236,53.04634376,239.397927,118.4837214
W10004_0071/PHP02,6.942430721,50.12923994,51.38472113,218.1622357,104.4757134
W10004_0071/PHZ51,9.54580854,51.57494453,51.43250462,250.7106684,118.0091599
W10004_0072/PHK76,6.126457947,51.11149385,51.59675583,239.6792886,109.4891946
W10004_0072/PHP02,9.242926403,51.99406772,51.78769895,226.8511839,109.1563366
W10004_0072/PHZ51,8.733425917,54.17594246,54.16767213,260.5344091,113.0543683
W10004_0073/PHP02,8.867498352,50.44077691,51.39182864,232.2855076,111.0954763
W10004_0073/PHZ51,NA,50.82449373,52.2710584,247.7263673,119.5199538
W10004_0076/PHK76,NA,51.39500914,52.33786157,217.4999882,99.48443473
W10004_0076/PHP02,9.014611824,51.54137948,53.39680715,230.5681813,94.38724513
W10004_0076/PHZ51,9.171524698,54.54229303,55.65190501,246.5378044,100.7942127
W10004_0078/PHK76,6.81724608,51.70925402,53.07942785,248.8360516,129.5966809
W10004_0078/PHP02,8.808480355,51.80312908,52.43403501,226.5605359,103.1429442
W10004_0078/PHZ51,9.927684149,52.31886132,55.35410118,269.4278887,102.5849303
W10004_0079/PHK76,NA,52.81586618,53.37649352,195.4412952,87.69643029
W10004_0079/PHP02,6.489232875,50.61114806,50.76709759,227.1504052,106.4070837
W10004_0079/PHZ51,6.771002695,55.77802644,54.40390524,250.7025034,93.68952006
W10004_0080/PHK76,9.142187726,54.24858623,53.75055171,233.152809,114.8829823
W10004_0080/PHP02,6.094187382,52.2160237,53.2542289,217.0403423,102.8509377
W10004_0080/PHZ51,6.80661993,54.44171302,55.08488109,267.3049521,110.4073565
W10004_0086/PHK76,5.953827147,49.63430374,50.7531623,223.3993991,102.8142315
W10004_0086/PHP02,6.044247765,51.93373504,52.2520889,208.3360976,73.76559681
W10004_0086/PHZ51,8.333219481,53.26953636,55.43934543,252.5233635,92.66211952
W10004_0087/PHK76,9.528318908,50.06475577,51.59748557,198.9006385,83.63101824
W10004_0087/PHP02,7.589794841,52.47245673,53.05145679,209.1724962,89.64736759
W10004_0087/PHZ51,6.463458657,51.41915446,52.68070423,230.0069894,106.324878
W10004_0092/PHK76,5.291899525,52.85199443,53.88778629,215.1982362,99.30856972
W10004_0092/PHP02,10.08362577,49.83613119,51.7940962,237.2514146,107.3364668
W10004_0092/PHZ51,7.306019094,53.89368559,54.66673854,247.5839036,108.7509427
W10004_0093/PHK76,8.696047043,52.49186043,52.42453181,227.2149211,94.1669563
W10004_0093/PHP02,7.981473958,52.9327339,54.70564104,230.0899037,95.99097751
W10004_0093/PHZ51,6.620800553,52.47594042,54.44936757,256.6916484,112.3002267
W10004_0095/PHK76,8.01761187,52.31148462,53.17327655,246.6513122,134.3535065
W10004_0095/PHP02,7.100580189,52.14541221,52.75856183,232.9334807,108.7948598
W10004_0095/PHZ51,6.753533448,53.38072264,54.22895385,269.8873255,144.8364917
W10004_0097/PHP02,7.95540795,52.44310747,52.354878,228.2220143,97.97166207
W10004_0097/PHZ51,7.908068472,53.85641422,53.80786365,232.1276728,104.4981926
W10004_0098/PHP02,8.878628135,49.36422294,49.96777907,215.2280724,110.0015801
W10004_0098/PHZ51,7.815630749,52.61081399,52.96159474,272.1748327,113.4996704
W10004_0099/PHK76,7.255979607,51.26445628,52.65593638,212.7875108,94.88239486
W10004_0099/PHP02,7.903747657,52.24968547,53.1077307,231.0289433,104.445206
W10004_0099/PHZ51,7.469000443,53.91999008,54.87564663,252.7967931,117.5731864
W10004_0101/PHK76,9.021344293,50.17394632,50.53632834,228.9787564,110.0854846
W10004_0101/PHP02,9.055308749,50.82298035,52.56289048,230.7989583,90.97695752
W10004_0101/PHZ51,10.41518829,52.02920905,53.44127201,235.8006311,91.85120916
W10004_0103/PHK76,6.323002019,51.84045668,53.03949889,231.9318257,111.2274048
W10004_0103/PHP02,9.492140107,53.61847919,54.34296178,238.6366093,124.3010387
W10004_0103/PHZ51,8.413158796,55.61227432,55.82376045,259.2592189,136.1433564
W10004_0106/PHK76,10.8146789,50.26667639,51.1028057,217.1097137,84.91153332
W10004_0106/PHP02,8.028865284,49.94143742,49.81526446,235.7650665,114.9919696
W10004_0106/PHZ51,8.761601721,52.18440721,53.05759341,244.0979442,88.5334385
W10004_0110/PHK76,8.007936717,49.24534303,50.073789,223.7545215,96.13409633
W10004_0110/PHP02,4.9478922,52.0609711,51.52731559,237.8059674,103.2226746
W10004_0110/PHZ51,8.382970304,53.19712747,53.50952467,260.6280848,117.0051563
W10004_0112/PHK76,5.267271118,51.98292957,51.71499428,215.797811,95.37302378
W10004_0112/PHP02,5.405865529,51.59543153,52.27853741,230.3562579,109.9234428
W10004_0112/PHZ51,7.975994869,53.48915095,54.24978241,245.8784772,97.37803693
W10004_0115/PHK76,9.295674572,51.94460291,51.9291291,233.9239815,87.50243622
W10004_0115/PHP02,8.431777263,50.57814392,53.16599316,234.2843891,96.3555315
W10004_0115/PHZ51,8.836517922,52.46671688,53.41233177,275.5223472,123.6686057
W10004_0116/PHK76,4.910963406,51.15569276,50.95631869,218.2206949,93.62128556
W10004_0116/PHP02,7.899874325,50.36687581,51.70008627,225.180961,92.96582963
W10004_0116/PHZ51,9.863040164,51.55813655,53.45694492,260.6139397,122.5377643
W10004_0118/PHK76,8.515578473,49.50135296,51.89031928,226.7896653,98.17365487
W10004_0118/PHP02,6.266711265,51.92704412,52.40677298,223.0261833,107.1052153
W10004_0118/PHZ51,9.616765431,54.45257226,54.55356211,198.9687858,129.0403917
W10004_0119/PHK76,6.803920667,51.71813893,51.96482369,220.7825197,97.72868594
W10004_0119/PHP02,9.536251684,50.245634,51.0440182,210.7874999,83.68976765
W10004_0119/PHZ51,7.453295251,53.64328256,54.45588351,259.8256928,120.8531355
W10004_0121/PHK76,7.871736281,51.77560811,51.93013633,212.6283583,95.1690763
W10004_0121/PHP02,7.211430231,51.15772833,52.1328272,225.041367,99.24635354
W10004_0121/PHZ51,7.951663653,53.74877527,55.4886303,250.4059575,116.0448902
W10004_0122/PHK76,10.06686242,52.50106422,52.74271765,226.1202001,106.2393633
W10004_0122/PHP02,8.528815234,51.25202494,52.27549973,230.8519369,105.5568043
W10004_0122/PHZ51,8.972378209,52.36336617,53.2166246,263.2488011,113.7774818
W10004_0127/PHK76,7.41394977,50.01034573,50.22935623,199.364173,83.44147093
W10004_0127/PHP02,8.236327982,52.05755619,52.53277999,213.8202286,84.57883583
W10004_0129/PHK76,NA,52.24827337,52.73163705,214.2594373,84.14777192
W10004_0129/PHP02,9.365782755,51.02712237,52.31477331,237.2658053,111.6237009
W10004_0129/PHZ51,8.231061725,54.04366297,53.28492567,240.4705735,93.22031255
W10004_0132/PHK76,7.436068579,51.40059274,51.7325418,236.2770525,106.6416718
W10004_0132/PHZ51,7.19300156,52.99448626,55.35621676,243.481858,93.90207739
W10004_0133/PHK76,6.816723712,52.8841129,52.98857552,220.1033275,106.8603636
W10004_0133/PHP02,6.718818642,50.79274041,51.91736234,217.2756435,117.5426201
W10004_0133/PHZ51,10.17951522,53.45287694,53.78329682,253.2799842,97.30382625
W10004_0134/PHK76,7.117172285,52.02418442,51.97802143,226.1219963,111.739004
W10004_0134/PHP02,6.60425896,51.99080664,53.64752913,200.6651434,84.59797102
W10004_0134/PHZ51,8.620876901,51.51784898,52.19644969,230.3304119,98.44990235
W10004_0138/PHK76,NA,50.84182109,51.16568137,216.4364595,89.23004797
W10004_0138/PHP02,7.726433062,51.44931175,52.412925,237.4271282,111.3552241
W10004_0138/PHZ51,7.864993858,52.8181182,53.74909496,252.2958334,117.0002322
W10004_0140/PHK76,8.324414,50.13424947,50.55512708,224.1377107,117.2640643
W10004_0140/PHP02,7.352069282,52.79559621,53.80756409,242.2916738,112.601288
W10004_0140/PHZ51,8.487852343,54.89343279,54.69397489,270.4165361,132.1320607
W10004_0144/PHK76,7.061053797,50.29559482,51.53028732,209.7936106,95.76154322
W10004_0144/PHP02,7.361350153,50.44343876,52.35630885,200.2119426,65.61422893
W10004_0144/PHZ51,5.669571916,54.23743569,55.7566714,244.8065497,111.6705046
W10004_0146/PHK76,8.41495983,50.92631441,50.71927114,215.8675058,102.8344891
W10004_0146/PHP02,7.240424003,50.64564042,52.91740294,240.4937291,90.56816637
W10004_0146/PHZ51,7.870911042,53.50091654,54.53460399,245.2965667,109.9720386
W10004_0147/PHK76,8.114536214,50.0290731,50.44921021,213.2276896,95.14602805
W10004_0147/PHP02,7.202192554,51.08437476,52.2915315,230.6089012,91.22267884
W10004_0147/PHZ51,8.775957799,53.86252593,54.29226244,246.8245374,122.7954986
W10004_0148/PHK76,9.858188487,52.48488899,52.46825866,218.9217161,109.8104631
W10004_0148/PHP02,7.578013016,51.82997173,51.89563408,243.5053255,102.2823614
W10004_0148/PHZ51,8.21956252,52.40753276,52.79164607,262.1965436,130.9038666
W10004_0149/PHK76,3.815384065,50.86385396,50.90836386,225.4095425,88.7867752
W10004_0149/PHP02,7.075322471,52.50958333,53.05208198,243.846419,92.49774471
W10004_0149/PHZ51,10.91223917,54.56234015,53.77547403,256.3283211,105.3496368
W10004_0150/PHK76,7.217937362,52.88334714,53.46222164,216.0808056,89.98484142
W10004_0150/PHP02,8.705854259,52.3211131,52.97920347,223.1620531,110.8410538
W10004_0150/PHZ51,4.645962263,55.32873254,55.71433769,246.8846888,128.6642683
W10004_0152/PHK76,NA,51.27255387,53.3552691,207.1648018,80.59491978
W10004_0152/PHP02,6.698508189,51.96731095,54.34544616,230.9057808,103.2517491
W10004_0152/PHZ51,9.203961839,54.24559859,55.10303419,253.6029184,111.4994754
W10004_0153/PHK76,7.614049445,52.75373877,52.7254988,227.9379417,88.47954495
W10004_0153/PHP02,6.148826078,51.28432993,52.22547628,209.9737968,84.6137171
W10004_0153/PHZ51,7.125085059,52.68435294,54.85955819,253.8362558,103.9832713
W10004_0154/PHP02,7.326984337,51.29372792,52.25842851,222.9957377,104.3900336
W10004_0154/PHZ51,6.84373861,56.43736976,57.57201274,234.717776,94.02044531
W10004_0160/PHK76,NA,53.67292884,52.90022647,208.5974606,80.46572105
W10004_0160/PHP02,10.38485087,50.50842214,52.03309305,222.1084723,73.88382645
W10004_0160/PHZ51,8.136911677,52.43037127,52.87136294,241.9158192,105.690492
W10004_0161/PHK76,7.880824924,48.89545671,49.12603033,221.7274206,113.1628869
W10004_0161/PHP02,10.52468456,51.04941976,52.87224988,229.6226545,91.62131909
W10004_0161/PHZ51,8.669039597,51.92897753,51.8486647,230.3269392,103.1508529
W10004_0166/PHK76,6.733845198,51.31001892,52.95016117,238.2711743,107.3542792
W10004_0166/PHP02,6.750937802,53.02477304,54.81241264,219.0691969,89.63271065
W10004_0166/PHZ51,7.084485448,52.3792977,54.18968954,269.5505294,113.3921797
W10004_0167/PHK76,8.805835288,50.99562637,51.17178908,209.3004919,84.30323751
W10004_0167/PHP02,5.733374424,53.31987808,53.0970579,210.8893885,98.17770743
W10004_0167/PHZ51,7.505392919,53.60758245,53.75260212,241.1778589,92.77221343
W10004_0168/PHK76,NA,52.70005566,53.05364759,226.2231399,106.4862755
W10004_0168/PHP02,6.246590646,53.56896595,53.94219948,213.8549513,113.9159883
W10004_0168/PHZ51,6.629535964,55.22204703,56.34810922,237.7465243,121.3266964
W10004_0169/PHK76,6.910496437,52.01028111,51.80369332,213.0133475,93.80972314
W10004_0169/PHP02,9.20470522,51.92781396,51.95404396,210.5889295,99.18102532
W10004_0169/PHZ51,8.488543137,52.09332533,53.67056829,253.8754829,97.00866923
W10004_0171/PHK76,10.34058544,51.82072093,52.33208687,236.4756356,109.5587562
W10004_0171/PHP02,10.89459393,52.19937691,52.30735023,246.0306644,96.10635175
W10004_0171/PHZ51,NA,55.69841328,54.62645071,261.6578183,128.607172
W10004_0178/PHK76,4.469998222,51.68394225,51.50507746,207.9787301,84.98142494
W10004_0178/PHP02,7.858240838,51.2539502,51.9327231,222.2032866,85.73822055
W10004_0178/PHZ51,7.972776709,53.73765832,54.14236509,246.2337124,111.3761932
W10004_0179/PHK76,5.727195924,50.12245587,50.37702216,202.4733869,84.56948623
W10004_0179/PHP02,9.151816859,48.7257624,50.92900238,211.3097113,89.65979795
W10004_0179/PHZ51,7.206704133,51.50137459,52.27035523,241.1929721,109.7687185
W10004_0185/PHK76,6.646029098,51.30367388,51.25986322,228.1595429,92.63694117
W10004_0185/PHP02,8.867427275,50.50980743,50.40525129,216.2946018,103.8374349
W10004_0185/PHZ51,9.522350516,52.20632992,53.20055282,233.1230338,93.68750609
W10004_0189/PHK76,5.299425466,51.92663222,52.01311281,212.2847345,99.47315235
W10004_0189/PHP02,5.621368443,51.2598881,52.19978986,217.2795926,94.59281346
W10004_0189/PHZ51,9.076473,52.49706619,53.3044027,234.1489736,92.97530044
W10004_0190/PHK76,NA,51.03590794,52.18866996,248.1505106,94.36082517
W10004_0190/PHP02,9.787068135,50.38203079,52.39580173,233.0229985,107.5673048
W10004_0190/PHZ51,7.786906147,52.5150424,54.37308026,266.8451849,122.4059402
W10004_0192/PHK76,9.732606085,50.8481728,52.38266419,233.7609291,108.739741
W10004_0192/PHP02,8.423002473,52.29818498,53.88675957,248.632769,124.1358657
W10004_0192/PHZ51,9.153147935,53.4443336,55.8902602,286.8189639,136.5302462
W10004_0194/PHK76,8.360478514,51.41219771,51.12299833,215.4189302,85.14643085
W10004_0194/PHP02,7.859168277,51.66405307,52.72543791,214.3656845,63.840885
W10004_0194/PHZ51,8.728642985,51.98300905,53.21907881,229.500518,92.71038067
W10004_0196/PHP02,8.682319697,54.20588406,54.31607592,241.342508,106.6531929
W10004_0196/PHZ51,6.553931741,54.32860094,55.42303712,261.0495067,113.9134511
W10004_0197/PHK76,NA,51.45627819,52.8088606,248.2867085,118.950109
W10004_0197/PHP02,8.446628814,51.40364025,51.46927228,254.8971689,119.934116
W10004_0197/PHZ51,6.773062974,53.90744583,53.92906585,289.6687879,128.37395
W10004_0199/PHP02,7.522741705,51.87290044,53.72422351,243.3068483,113.9233064
W10004_0199/PHZ51,4.283903692,54.80125986,54.00262291,252.2569212,111.0834698
W10004_0200/PHK76,8.464218853,52.90839339,52.61220758,219.008692,98.30751146
W10004_0200/PHZ51,7.522778496,53.06810023,53.41304762,242.0862095,110.3277131
W10004_0203/PHK76,6.59946039,51.24068819,51.1214311,238.6066352,100.8908473
W10004_0203/PHP02,9.928088574,50.11238283,52.85106426,214.0333415,89.24740025
W10004_0203/PHZ51,8.153634573,53.77279984,54.61899697,249.9357085,114.2600819
W10004_0204/PHK76,7.394822038,51.10766525,51.40769115,214.1903055,83.82331189
W10004_0204/PHP02,9.376476543,52.70698796,52.37823763,234.2935855,100.8439211
W10004_0204/PHZ51,5.899310593,56.11830997,55.85806263,265.1654778,118.7649484
W10004_0206/PHK76,5.750833315,49.58270927,49.59698462,208.0277199,78.80164215
W10004_0206/PHP02,10.04796894,49.78792009,50.616449,222.7228795,95.14201796
W10004_0206/PHZ51,8.996526805,51.69791349,53.0142178,243.6872789,93.92554294
W10004_0212/PHK76,7.524981811,51.10553096,51.68799925,238.0110864,99.72368656
W10004_0212/PHP02,6.411334371,51.11602564,52.30729536,231.644636,117.1844712
W10004_0212/PHZ51,9.165048608,53.04289461,53.88659086,256.1687551,113.134961
W10004_0213/PHK76,7.342642494,51.86969508,52.14896206,212.9982232,93.24524155
W10004_0213/PHP02,8.741160217,50.04687313,51.66496993,219.8709711,94.89391768
W10004_0213/PHZ51,9.19819111,52.51702447,52.93945452,253.2614799,114.2293929
W10004_0217/PHK76,6.992899459,49.62586729,51.22322323,203.8331583,81.49943751
W10004_0217/PHP02,7.409612202,51.11531392,51.86883943,213.7360173,91.31486395
W10004_0217/PHZ51,6.623144689,54.02823745,55.17342664,237.3648056,100.7117194
W10004_0220/PHK76,NA,52.00718782,53.04719704,217.7780123,70.48006458
W10004_0220/PHP02,8.851420355,53.14443469,53.15377432,236.8861575,105.3021422
W10004_0220/PHZ51,9.140201121,54.54008764,54.89491551,247.208173,105.8266772
W10004_0221/PHK76,9.38355271,54.78659991,56.14366396,264.1216647,131.0065471
W10004_0221/PHP02,9.603815172,49.95864232,51.61562471,229.9768695,97.77011535
W10004_0221/PHZ51,8.137121063,52.99212731,54.20972035,248.7399586,106.2570851
W10004_0223/PHK76,6.664135014,50.99647572,52.05239014,229.5072098,109.0580145
W10004_0223/PHP02,9.000647671,52.02007631,52.62513507,232.9845758,115.2177402
W10004_0223/PHZ51,8.600168331,53.53945643,53.76382717,256.996997,90.45241986
W10004_0224/PHK76,5.291867227,52.12828661,52.8515555,221.2483601,95.88237601
W10004_0224/PHP02,10.30367698,52.25848631,53.33662217,225.9769692,111.6766019
W10004_0224/PHZ51,11.7298111,53.18199677,54.10811317,268.6441378,124.3276055
W10004_0225/PHK76,9.674795242,50.68878019,50.81565238,211.4311534,84.53223704
W10004_0225/PHP02,9.234557494,50.46215277,51.40740117,235.8389807,113.6589364
W10004_0225/PHZ51,10.92197994,51.91270387,52.5418001,248.5538745,108.8037268
W10004_0227/PHK76,7.879535495,50.45958919,51.41600827,211.4073019,106.6668777
W10004_0227/PHP02,7.427913554,51.76615619,52.76992642,233.3282383,115.1018677
W10004_0227/PHZ51,8.05754717,51.58553342,52.55998209,255.1651888,109.9467503
W10004_0231/PHK76,6.897323783,49.70427072,49.84770198,225.388694,98.03549118
W10004_0231/PHP02,7.439479653,49.9026297,51.48601049,210.008591,96.5023695
W10004_0231/PHZ51,9.480074496,52.13392103,53.27073206,240.2277552,114.0305429
W10004_0236/PHK76,7.648767989,51.25342142,52.16326705,225.5445799,107.505701
W10004_0236/PHP02,9.243258951,51.71373003,52.60058896,228.3288517,98.09494468
W10004_0236/PHZ51,8.371723708,53.70303025,53.83369381,249.362703,101.6547845
W10004_0238/PHK76,6.645368906,53.33903733,53.86286082,217.8571088,90.7369026
W10004_0238/PHP02,8.298817874,52.72803454,54.94893695,238.0546424,85.71743764
W10004_0238/PHZ51,8.324653326,53.84904027,56.54038323,249.4816382,105.1449013
W10004_0241/PHK76,5.919107232,52.11893099,52.03498261,230.8423963,88.94752943
W10004_0241/PHP02,7.684061707,52.31288421,53.14252658,227.3558302,102.854689
W10004_0241/PHZ51,9.426719247,52.70142764,53.72030982,249.3303812,111.9834955
W10004_0242/PHK76,9.549596636,49.45910233,49.77185807,222.4241774,104.0952172
W10004_0242/PHP02,6.517117064,53.03296684,54.50875312,223.2270513,92.24135445
W10004_0242/PHZ51,7.787815995,52.93510204,53.62788819,242.8246076,109.4326758
W10004_0253/PHK76,8.742158085,50.14321867,51.55960712,230.7568469,78.78242018
W10004_0253/PHP02,6.15508038,51.10902559,52.63340327,235.0529079,100.1746041
W10004_0253/PHZ51,9.386325879,52.24482743,53.84810607,256.124356,94.50229569
W10004_0254/PHK76,7.784862071,49.97292183,50.35253339,209.9928891,94.72714729
W10004_0254/PHP02,6.22455636,51.64128801,53.57753447,240.3193221,110.1069332
W10004_0254/PHZ51,5.560423988,52.77374673,54.84241051,233.7211769,117.4812456
W10004_0256/PHK76,7.415263596,51.19192291,52.47259706,211.9835752,80.65930287
W10004_0256/PHP02,8.549984605,49.62542607,52.16608509,210.3844013,88.26705704
W10004_0256/PHZ51,7.359092255,52.16377838,52.69689028,235.5897326,100.6058392
W10004_0258/PHK76,8.868318554,49.4885957,49.9614399,235.9333387,95.70331954
W10004_0258/PHP02,9.801418204,50.45134963,50.82306168,240.6508107,105.2379549
W10004_0258/PHZ51,9.149400611,52.91038801,53.15306198,250.7197989,111.4002781
W10004_0261/PHK76,6.469046081,54.63253336,53.85281686,227.2882455,89.21736599
W10004_0261/PHP02,8.848778879,51.99501009,52.38184899,239.0076226,118.6796181
W10004_0261/PHZ51,8.332552881,53.65557116,55.42131277,260.367317,99.80000511
W10004_0262/PHK76,NA,51.12328621,53.62684798,206.8901206,85.80310573
W10004_0262/PHP02,9.553837807,50.58338766,51.52590327,225.8287889,126.940863
W10004_0262/PHZ51,9.022119768,51.07819621,53.15878708,237.6375191,122.7921686
W10004_0264/PHK76,7.471450754,50.41787213,51.46064956,213.7213561,92.08934701
W10004_0264/PHP02,6.903972408,50.98516455,53.85401898,211.7297433,99.5385988
W10004_0264/PHZ51,5.21506337,52.56437672,55.57811176,232.0688073,94.16023848
W10004_0268/PHP02,9.07878224,52.33962399,52.10656326,253.5051389,131.7539958
W10004_0268/PHZ51,8.167198225,53.99260352,54.78573059,258.1508938,124.0933873
W10004_0270/PHK76,5.734057426,51.58804776,52.05778455,200.810762,82.43660587
W10004_0270/PHP02,8.162731906,50.31653674,52.49300119,207.6784505,86.19592812
W10004_0270/PHZ51,9.671879924,50.67892543,51.69399259,237.985232,90.32903071
W10004_0271/PHK76,NA,52.63231236,52.17438181,222.386618,98.12110171
W10004_0271/PHP02,9.080128497,51.60235206,53.30289704,240.8553604,111.7577025
W10004_0271/PHZ51,NA,54.76419569,56.09078466,254.3345797,88.608597
W10004_0276/PHP02,8.960371692,52.79748699,54.64052486,222.6251358,97.08357198
W10004_0276/PHZ51,8.224884722,53.76078677,55.35511468,256.8955083,114.7395008
W10004_0290/PHP02,7.737852766,52.3222347,53.15303524,234.5007674,93.5922076
W10004_0290/PHZ51,8.698631847,53.95737432,55.68686815,262.4214477,98.967732
W10004_0291/PHK76,7.253239942,51.70290232,51.86244502,242.511582,104.0869879
W10004_0291/PHP02,8.201567727,51.43074329,52.29305228,229.1532865,101.8323146
W10004_0291/PHZ51,6.146633228,52.45743231,54.53929296,255.7697911,107.8532639
W10004_0292/PHK76,8.393035192,50.30969858,50.63306448,196.6370486,89.30497152
W10004_0292/PHP02,6.04012483,52.69127009,53.17975094,195.3384345,86.74915126
W10004_0292/PHZ51,7.278104929,52.5301031,53.91584003,213.0414301,88.36791417
W10004_0299/PHK76,8.721786957,51.61479535,51.72337427,223.6601277,88.07209284
W10004_0299/PHP02,9.124993891,52.52667889,55.7884691,225.6085706,96.45019929
W10004_0299/PHZ51,9.374437492,54.81735861,55.20305796,247.6163494,99.55869989
W10004_0306/PHK76,NA,51.85665488,52.04515873,219.7060141,98.10438602
W10004_0306/PHP02,11.11880633,51.36858465,52.76339879,221.8952229,104.0342286
W10004_0306/PHZ51,8.754795835,54.34382993,55.5559398,252.0356965,104.1540959
W10004_0308/PHK76,5.999653413,51.06760781,52.16807551,216.3703275,84.98522385
W10004_0308/PHP02,8.084327936,51.02218412,52.25842748,225.5852821,97.53010494
W10004_0308/PHZ51,7.367046093,53.80371203,53.59563199,247.8475175,101.3782397
W10004_0309/PHK76,7.478704254,52.66626467,52.75472324,217.7148015,90.21450596
W10004_0309/PHP02,8.196542027,51.6124816,52.96448286,231.3132861,93.33874191
W10004_0309/PHZ51,7.219745265,51.88408151,52.80876132,231.3227153,109.4444486
W10004_0310/PHK76,7.581157657,52.52848315,53.61922539,217.6562003,94.48584876
W10004_0310/PHP02,6.032068824,53.19764539,53.65277401,218.1926861,103.1430474
W10004_0310/PHZ51,7.145226761,51.61059108,54.23595519,252.2926995,108.2268735
W10004_0311/PHK76,5.987379883,53.09073008,53.96563218,213.8626038,80.12345826
W10004_0311/PHP02,NA,49.72539237,51.11905968,208.116066,100.8518925
W10004_0311/PHZ51,8.66152055,50.6402932,51.47469921,232.8773875,107.3525148
W10004_0327/PHK76,NA,53.85528647,54.05990177,238.8289021,86.15588277
W10004_0327/PHP02,4.437656225,52.29902388,54.29256855,242.4154971,76.0244309
W10004_0327/PHZ51,9.025883274,51.87622483,56.99741133,257.6458739,87.5223069
W10004_0329/PHK76,6.099641333,50.91180862,50.60385257,207.0891822,93.42791777
W10004_0329/PHP02,5.961972115,51.58144855,50.98908303,206.9271852,88.65531709
W10004_0329/PHZ51,NA,53.53865969,53.40725177,225.7821739,93.03233589
W10004_0336/PHK76,6.768005851,52.47173221,52.44026362,237.658267,121.5715965
W10004_0336/PHP02,8.782837545,52.35609769,53.00254509,229.2187689,109.9040078
W10004_0336/PHZ51,7.529528943,52.93034594,52.83392166,261.2040512,130.0993562
W10004_0344/PHK76,NA,49.51691794,50.61701298,208.1512516,91.08183526
W10004_0344/PHP02,8.003038087,51.81657522,52.06643794,218.6883115,92.67602044
W10004_0344/PHZ51,6.08839154,52.38249572,53.3051024,241.6661882,114.5929043
W10004_0346/PHK76,6.014973923,50.33405532,51.39573766,210.2168992,86.76277519
W10004_0346/PHP02,8.766581171,49.13443221,52.5824401,227.0044245,87.33041285
W10004_0346/PHZ51,9.381747658,51.41970495,52.7611196,242.4353474,105.847552
W10004_0361/PHK76,9.268664257,52.59679833,52.89987056,218.4315754,97.30532659
W10004_0361/PHP02,9.877594436,52.56484408,52.55023366,220.5300305,104.9083854
W10004_0361/PHZ51,6.404245309,54.85374201,54.58354901,235.8544873,107.5889514
W10004_0362/PHK76,6.309908296,51.86884524,52.7539585,213.0216672,93.39409874
W10004_0362/PHP02,NA,51.10825982,53.10704939,216.030386,94.29908194
W10004_0362/PHZ51,10.12587812,51.65776872,52.71212227,240.8888506,101.5425189
W10004_0380/PHK76,NA,53.36569664,52.69950837,221.9536658,93.83732923
W10004_0380/PHZ51,5.468294172,54.3450062,54.02120229,255.6577535,118.0113944
W10004_0381/PHK76,7.832711057,50.56009617,51.56301389,221.3956725,94.39612659
W10004_0381/PHP02,5.677101266,52.52808185,53.31542871,232.1262837,121.978305
W10004_0381/PHZ51,9.197604118,53.72343646,54.49841026,274.6893978,128.5594967
W10004_0383/PHK76,8.602524177,51.92890266,51.66038894,219.3992768,105.3801654
W10004_0383/PHP02,8.258816987,51.27068026,52.19400414,228.7153863,90.01243769
W10004_0383/PHZ51,NA,51.43617365,53.19310219,253.048241,121.2633716
W10004_0389/PHK76,NA,50.11653484,50.34237785,203.5894176,90.76431014
W10004_0389/PHP02,NA,53.4904951,54.6261689,206.7832433,75.90529625
W10004_0389/PHZ51,8.404791855,51.77153906,52.56097693,219.3594315,94.27952728
W10004_0393/PHK76,7.599282828,51.43124038,53.45709471,211.6156035,94.09443338
W10004_0393/PHP02,7.121401015,49.89820336,53.0261298,201.5600417,81.75039177
W10004_0393/PHZ51,5.73469987,52.06856519,54.71904972,228.5566157,81.50970397
W10004_0394/PHK76,6.952659649,50.36357526,50.94033186,205.8032341,81.19950123
W10004_0394/PHP02,8.13467546,50.74438743,51.72834807,194.0251195,59.40569849
W10004_0394/PHZ51,6.823861855,53.28162037,54.00801698,222.2124144,94.08780186
W10004_0395/PHK76,6.805953473,51.39949416,51.55604786,212.8170129,95.3971122
W10004_0395/PHP02,8.173853049,50.1214126,52.46558302,217.4407051,88.22062363
W10004_0395/PHZ51,7.377749828,53.0724927,53.76337414,264.5627049,128.5092645
W10004_0396/PHK76,7.557915602,49.92041918,50.07703384,215.8265355,87.717574
W10004_0396/PHP02,9.77044828,50.95210024,51.69391495,226.796522,89.23947813
W10004_0396/PHZ51,8.469835523,54.71139499,54.61153207,277.2753652,125.3320683
W10004_0403/PHK76,7.310550444,50.93079242,52.84401093,223.301953,84.35672362
W10004_0403/PHP02,9.733018062,51.88326534,52.95519113,230.6604046,99.38704491
W10004_0403/PHZ51,10.20290487,53.98844129,55.11778655,250.1523917,135.3103235
W10004_0409/PHK76,NA,51.96752609,52.07268794,224.9255692,95.4227783
W10004_0409/PHP02,10.00084433,52.37547589,52.40874402,243.4760264,119.1478962
W10004_0409/PHZ51,NA,54.9602863,55.09592165,215.4049461,116.1113316
W10004_0410/PHK76,7.321689931,48.19686919,49.88766829,214.9080099,89.98406269
W10004_0410/PHP02,8.781480397,49.66895873,52.05418602,231.0821614,111.0033765
W10004_0410/PHZ51,8.602798831,51.63079481,52.78830919,257.7320608,104.9664013
W10004_0412/PHP02,10.0573325,53.10938595,54.43245416,241.0765381,130.0077428
W10004_0412/PHZ51,8.873143438,53.27685056,52.94089586,277.6100522,123.2233527
W10004_0417/PHK76,NA,51.98818149,52.16933901,217.9963279,97.86584025
W10004_0417/PHP02,10.81116854,51.36593423,51.34836035,219.8079283,105.4496668
W10004_0417/PHZ51,7.093079723,53.24508276,54.17832382,235.2598658,101.3372382
W10004_0419/PHK76,5.168570894,52.09748888,51.81543167,214.1605878,76.39910685
W10004_0419/PHP02,9.361558256,50.63730953,51.89165707,208.4765626,90.10013457
W10004_0419/PHZ51,8.487628387,52.28521335,53.40150507,235.738013,99.42760957
W10004_0424/PHK76,9.892662715,51.22962893,53.59350899,246.0728158,105.143752
W10004_0424/PHP02,9.522161362,52.48050839,54.46400614,248.4653425,120.340998
W10004_0424/PHZ51,7.102950994,56.64847238,55.53866341,249.9959894,122.7333203
W10004_0427/PHK76,7.378874755,50.35253861,50.09611895,236.2860286,112.6328979
W10004_0427/PHP02,8.04250189,51.81794388,52.68013062,243.8203345,103.3538794
W10004_0427/PHZ51,7.197049413,53.60362338,54.79678306,261.26691,114.4066012
W10004_0430/PHK76,6.211753501,51.4041326,53.29022987,226.460036,100.5651675
W10004_0430/PHP02,7.096473821,54.14466961,54.75655581,242.6203935,115.5352825
W10004_0430/PHZ51,9.518543416,54.49955213,55.40842151,264.7919328,111.9693955
W10004_0465/PHP02,9.894302334,52.12638865,54.50086913,239.3033861,110.9327504
W10004_0465/PHZ51,7.572690308,53.75953546,55.02213197,272.2564754,114.894998
W10004_0467/PHK76,NA,49.11789924,51.46856033,190.0940515,80.76695327
W10004_0467/PHP02,6.252994843,50.47875177,53.45056268,218.3905638,87.85464437
W10004_0467/PHZ51,7.622820928,52.72948932,55.30405465,237.0554833,90.09142566
W10004_0474/PHK76,9.226213642,51.04957066,51.15317438,221.3374094,88.52385858
W10004_0474/PHP02,10.43181434,51.80170962,52.92184239,215.8947797,80.06097598
W10004_0474/PHZ51,9.590996559,52.83903343,52.76833978,260.7038948,117.3860983
W10004_0476/PHK76,6.103277951,52.52283508,52.94124459,214.955895,76.433714
W10004_0476/PHP02,8.466037321,50.1949614,52.29476134,207.1651147,87.8460976
W10004_0476/PHZ51,8.258272842,53.20556392,54.03946374,241.1943256,89.31995032
W10004_0487/PHK76,7.602178544,52.08084202,52.01329761,235.3908148,103.6657384
W10004_0487/PHP02,5.934157103,55.01444635,53.54420438,240.7542094,105.4183095
W10004_0487/PHZ51,9.875051502,52.52063875,52.77808557,275.1701208,118.8278773
W10004_0498/PHK76,9.611945814,50.94937857,52.49178413,251.3751942,129.3221585
W10004_0498/PHP02,8.462452775,51.26252957,53.35854271,223.2750111,119.2793
W10004_0498/PHZ51,6.59485112,54.77103514,55.43764161,256.7810348,109.5118945
W10004_0501/PHK76,7.736174007,50.07069638,51.72140065,240.8870734,111.1536232
W10004_0501/PHP02,8.177056157,50.97847527,52.98931597,222.5968705,93.98991439
W10004_0501/PHZ51,7.053669701,51.96276933,53.62878585,233.0196501,92.3789318
W10004_0505/PHK76,8.956007018,50.32860998,49.76364149,215.3361516,95.03312396
W10004_0505/PHP02,8.01869378,52.17916256,53.55603238,226.9213366,92.80524241
W10004_0505/PHZ51,7.375179651,52.98396676,54.46414391,265.9510933,104.4286325
W10004_0601/PHK76,NA,51.37737022,51.63729544,230.7799283,100.7713528
W10004_0601/PHP02,5.874668349,50.98403842,52.52861421,193.6835912,78.82993793
W10004_0601/PHZ51,8.172186183,53.45194257,54.19669568,255.753606,117.097579
W10004_0602/PHK76,NA,52.14595869,53.28659947,209.4404397,92.22585286
W10004_0602/PHP02,NA,50.79782956,52.40886265,217.008639,106.6731319
W10004_0602/PHZ51,7.523681384,53.51917886,53.03402319,249.1726349,106.281323
W10004_0608/PHP02,5.172762831,54.15316794,55.25614793,214.3585727,96.11412301
W10004_0608/PHZ51,7.602140923,53.25181619,54.9781481,251.7697399,110.5445842
W10004_0612/PHK76,9.016725813,51.34312594,51.47704726,233.3880788,103.4280605
W10004_0612/PHP02,8.914547733,51.87155052,52.99084438,246.4378699,117.2259741
W10004_0612/PHZ51,9.836133021,53.44935244,53.36274585,271.5637034,121.697924
W10004_0614/PHK76,5.714621639,51.68615168,51.95723071,228.0584408,93.58121278
W10004_0614/PHP02,7.873743299,49.94473366,51.41194849,203.5592535,82.50187587
W10004_0614/PHZ51,7.712645754,55.47324925,55.53370633,252.1015242,118.0257826
W10004_0616/PHK76,NA,52.8091148,54.09202338,193.1405923,74.65763471
W10004_0616/PHP02,9.38010855,51.74068958,52.39870787,214.1046984,69.73059209
W10004_0616/PHZ51,NA,52.88770017,53.50985101,237.1266969,136.4945672
W10004_0618/PHK76,9.682260342,51.30299962,51.80522404,240.6508684,117.4326553
W10004_0618/PHP02,7.581656304,51.27676824,52.10848229,231.8233693,92.0171811
W10004_0618/PHZ51,8.075994236,52.87475761,54.71131441,252.889919,97.88638679
W10004_0619/PHK76,NA,51.67200314,51.28480769,243.9486668,106.664211
W10004_0619/PHP02,5.783970683,52.8976041,53.36913531,218.0627478,100.6057951
W10004_0619/PHZ51,7.914111027,54.69332215,53.86403824,260.455392,169.5016272
W10004_0620/PHK76,7.556579283,51.54860131,51.63925132,233.0106753,110.386656
W10004_0620/PHP02,7.761209016,51.25591404,52.30399294,224.3494778,91.86390456
W10004_0620/PHZ51,7.449156927,53.79870243,53.43853927,261.9760773,107.4581505
W10004_0622/PHK76,NA,56.55732617,54.75806163,229.8142891,120.6317025
W10004_0622/PHP02,8.482828149,52.14662732,52.0823381,251.7548678,126.282809
W10004_0622/PHZ51,9.530201469,53.36061044,53.90308923,265.2165109,120.9269409
W10004_0624/PHK76,4.211068131,49.0227214,50.23222738,221.9032201,90.63633504
W10004_0624/PHP02,9.896000037,49.99785977,50.80039003,210.3890311,89.6239807
W10004_0624/PHZ51,7.645503745,51.34092429,53.35512085,226.9877406,108.7958753
W10004_0625/PHK76,8.660491487,52.03084866,52.59480004,226.3438785,96.19702641
W10004_0625/PHP02,7.564844947,52.68809059,54.4571827,245.9996754,124.4631459
W10004_0625/PHZ51,7.815183437,53.04834021,52.55344731,281.6546539,131.5789092
W10004_0626/PHK76,5.617154858,50.17653521,51.75483926,226.1248058,108.3247566
W10004_0626/PHP02,8.412656965,50.66883667,51.59159149,232.5021058,97.72002673
W10004_0626/PHZ51,8.764436158,52.96561298,51.35017006,255.5712697,112.4778775
W10004_0628/PHK76,NA,50.76467385,52.26431886,207.5909307,87.24022484
W10004_0628/PHP02,9.277381822,51.01053681,52.18705089,221.2458782,100.819254
W10004_0628/PHZ51,8.54753412,53.84837002,53.03431492,262.6963069,110.6598888
W10004_0631/PHK76,8.215946342,52.39420766,52.98996155,221.4291094,83.97634416
W10004_0631/PHP02,NA,51.41599338,52.47936823,247.6119724,117.5055796
W10004_0631/PHZ51,6.793010501,55.69560194,55.5814766,275.4924951,123.6294011
W10004_0632/PHK76,7.048553838,50.79807257,52.52203249,215.5504626,88.14929815
W10004_0632/PHP02,8.398784067,51.57787843,52.40147722,219.3677194,93.59136438
W10004_0632/PHZ51,9.260863916,55.65942156,55.02476005,252.7215009,122.3628557
W10004_0636/PHK76,8.480801183,52.24929876,52.59461237,NA,129.1805036
W10004_0636/PHP02,10.96352424,51.2307267,53.29768994,237.7094227,103.2625306
W10004_0636/PHZ51,9.661103389,52.83042286,53.29515851,256.9665415,109.096442
W10004_0637/PHK76,NA,50.15960194,50.29409217,209.4907824,94.82883563
W10004_0637/PHP02,7.356241949,51.45133636,52.19155489,225.0282372,102.9580268
W10004_0637/PHZ51,8.381514448,51.5678013,52.21668966,236.7883309,99.22825265
W10004_0639/PHK76,6.940611301,51.62583899,52.86324102,243.835864,111.3351613
W10004_0639/PHP02,8.304531009,53.1850958,54.26097239,245.562016,112.7243486
W10004_0639/PHZ51,9.057731735,57.20143813,58.04930062,260.9492896,119.8506532
W10004_0644/PHK76,6.423261052,53.09816315,52.61191768,220.0106671,96.80254103
W10004_0644/PHP02,9.346924974,51.23364242,53.01995262,216.8835824,89.01449289
W10004_0644/PHZ51,8.055367068,54.68863247,54.80077171,254.5028496,119.2721663
W10004_0645/PHK76,6.029015804,50.58207374,51.98500572,253.6849448,120.2842818
W10004_0645/PHP02,8.07820566,52.57605825,54.21772102,240.8317481,108.6122387
W10004_0645/PHZ51,9.028435483,53.69509229,54.95221986,273.2170723,125.8800174
W10004_0646/PHK76,NA,53.6595305,53.11047491,229.1279212,101.8111736
W10004_0646/PHP02,8.131852994,51.31376995,52.26311396,214.9372323,105.1131374
W10004_0646/PHZ51,8.050820444,52.56942293,55.51952504,268.1352803,121.7733776
W10004_0649/PHK76,6.540136557,49.46523698,50.85627499,189.2572044,67.33614692
W10004_0649/PHP02,8.465049444,50.43212907,52.37971458,192.7755416,66.14100501
W10004_0649/PHZ51,9.311541469,53.25301513,56.66774694,234.2379242,73.50625094
W10004_0650/PHK76,5.403820707,53.47417229,55.1723094,241.0246258,129.1615514
W10004_0650/PHP02,7.539479298,52.0899304,53.36197076,228.53179,100.0549197
W10004_0650/PHZ51,8.034282509,54.20676696,55.22511346,264.7659269,109.1593713
W10004_0651/PHK76,5.721984707,52.23133777,52.65682152,217.7870777,115.212151
W10004_0651/PHP02,8.212917703,51.69938005,51.71055611,223.3341617,103.0738994
W10004_0651/PHZ51,7.860291446,52.98155129,53.6851241,242.5476039,110.6133123
W10004_0654/PHK76,NA,52.58228238,52.18646479,250.3796482,122.91039
W10004_0654/PHP02,9.04469759,51.97288039,53.27579409,229.1515389,122.0664312
W10004_0654/PHZ51,7.11865415,53.9173084,54.84949954,275.8891102,133.3216172
W10004_0658/PHK76,9.362101139,51.40051338,52.52125734,234.4348209,96.95281652
W10004_0658/PHP02,8.311389324,52.18086767,53.47145877,226.357164,84.12524645
W10004_0658/PHZ51,7.839930068,52.42840056,53.56753269,261.0986398,120.5020895
W10004_0659/PHK76,6.991370238,51.33296134,53.20086119,204.9958396,115.8258082
W10004_0659/PHP02,NA,51.44163038,52.78991318,229.6567576,102.9093395
W10004_0659/PHZ51,7.287462939,52.5604492,53.53378734,253.0627181,94.16067793
W10004_0661/PHK76,6.773927177,52.52845485,53.25924318,203.6589059,80.32157255
W10004_0661/PHP02,9.247176932,50.86891434,52.51446356,212.0024464,96.28259199
W10004_0661/PHZ51,7.256583424,53.95303751,55.454386,239.7906563,111.4730311
W10004_0664/PHP02,11.99248409,52.8465009,53.18600512,241.9441968,123.4187585
W10004_0664/PHZ51,7.72001054,54.01763558,54.77450499,247.9904851,126.691125
W10004_0667/PHK76,NA,51.35889031,52.31310177,214.6104982,89.14259088
W10004_0667/PHP02,6.774833842,52.52382826,52.44956444,211.1172938,97.08228897
W10004_0667/PHZ51,10.3333429,52.06267664,52.93532004,267.2745501,103.0435572
W10004_0669/PHK76,8.706948558,51.61482,51.42226245,226.0130642,114.3364849
W10004_0669/PHP02,7.696428532,52.15635374,52.3214597,226.2386238,98.99934789
W10004_0669/PHZ51,9.189289401,54.59520097,53.63420971,263.6054169,130.1696086
W10004_0672/PHK76,4.133545788,48.96673074,50.42544689,201.2794484,89.39722232
W10004_0672/PHP02,8.629238699,49.29665171,52.02557968,219.6763605,99.58100669
W10004_0672/PHZ51,5.471760121,52.43307877,53.05588125,246.7906387,113.3507979
W10004_0673/PHK76,8.385950788,50.42523423,51.82227896,220.9043271,93.65997454
W10004_0673/PHP02,9.524091,51.8470454,52.82604597,218.1599874,102.8477539
W10004_0673/PHZ51,8.350083793,51.5404602,52.46249707,245.0807828,103.2242143
W10004_0674/PHK76,9.563081226,50.24211149,51.86479638,214.7575477,109.4066393
W10004_0674/PHP02,8.136147684,51.83989352,53.20322102,220.2767438,122.1112306
W10004_0674/PHZ51,6.390109286,51.61571899,52.45519998,228.5849024,99.35441728
W10004_0675/PHP02,11.29851569,48.72542067,50.47904189,225.1133603,116.0161687
W10004_0675/PHZ51,11.76278557,54.07138787,53.61787168,258.9350053,122.9565051
W10004_0678/PHK76,NA,50.39014515,53.29675179,212.0568635,95.50954543
W10004_0678/PHP02,8.127710745,53.0031237,53.93657493,223.1730324,114.0402794
W10004_0678/PHZ51,10.21626746,52.09012748,53.03251455,242.0795416,99.81538715
W10004_0680/PHP02,8.645349022,50.62252178,52.81845782,219.2677532,92.70195152
W10004_0680/PHZ51,6.882882327,52.89756642,52.9458871,248.5726318,117.6922813
W10004_0682/PHK76,6.558592668,51.18887963,52.48807241,212.1292367,93.39625835
W10004_0682/PHP02,8.290672362,51.09777397,51.30192053,234.9874856,108.9043543
W10004_0682/PHZ51,8.002587162,54.5525779,57.09137049,229.8280213,87.18850123
W10004_0684/PHK76,7.957866282,51.14172902,51.40290221,201.7478569,69.3136505
W10004_0684/PHP02,9.072010806,51.05064441,52.25910734,215.4909799,84.00827343
W10004_0684/PHZ51,8.468104537,52.91002109,52.84739798,240.4603351,103.961766
W10004_0685/PHK76,NA,51.93560865,53.41335387,216.7855131,70.34807891
W10004_0685/PHP02,8.78744039,48.99886581,52.1216444,235.9968499,98.0948948
W10004_0685/PHZ51,7.700092628,51.28529659,52.67114319,257.6541086,95.46217597
W10004_0687/PHK76,7.610698781,51.06931665,51.23138803,214.0845894,106.0536228
W10004_0687/PHP02,10.06902434,52.22185855,52.41885819,222.1511648,106.3995061
W10004_0687/PHZ51,NA,55.31494023,56.7646199,262.2105641,118.8350667
W10004_0688/PHK76,NA,52.15422932,53.30813873,195.8678722,79.57983974
W10004_0688/PHP02,7.848765026,50.85288306,52.23394733,215.9831577,92.37813405
W10004_0688/PHZ51,7.196643388,54.17597076,58.52765435,248.5317034,88.21864452
W10004_0689/PHK76,8.554577559,50.0114491,50.31068318,227.2327934,99.29592334
W10004_0689/PHP02,8.711633536,52.3235277,53.78566419,234.1563203,90.42200824
W10004_0689/PHZ51,8.750079144,53.5297491,54.2460829,272.9749001,129.7008061
W10004_0691/PHP02,3.913757707,51.58970531,52.06368142,196.6624012,94.58937629
W10004_0691/PHZ51,6.266518662,52.17823707,57.13926498,218.6016095,77.37716339
W10004_0695/PHK76,9.968899128,51.00979524,52.14894086,246.935815,102.918797
W10004_0695/PHP02,8.642760337,52.30625439,52.51329643,259.5286678,111.3523172
W10004_0695/PHZ51,8.29522064,53.8022911,54.83322736,279.6563049,119.2784392
W10004_0696/PHK76,6.999791569,50.87049909,52.91570081,250.3186455,124.7712251
W10004_0696/PHP02,9.493527591,50.18658368,52.21659123,217.0769067,97.35151741
W10004_0696/PHZ51,6.604970067,54.75649564,54.64273748,261.9208796,128.2246337
W10004_0697/PHK76,8.14643271,53.08048558,52.86156346,250.7467385,97.03562205
W10004_0697/PHP02,8.545437557,50.92952319,52.9281067,247.0714579,105.7187472
W10004_0697/PHZ51,10.06182222,53.41735828,53.82084788,276.4580476,132.0011359
W10004_0701/PHK76,7.744283041,52.15563233,53.57723032,224.8565058,98.24293139
W10004_0701/PHZ51,7.495359256,53.70244229,53.91846892,247.3348864,104.7169768
W10004_0702/PHK76,7.938463967,51.88666278,52.14293654,210.0922553,96.59266973
W10004_0702/PHP02,8.647213941,50.97710686,53.00405901,227.7197585,99.04141115
W10004_0702/PHZ51,9.806998956,52.99143297,54.51676908,267.7561192,125.6903628
W10004_0703/PHK76,6.884184045,51.14478306,51.31339154,211.4515529,98.70939801
W10004_0703/PHP02,8.184450388,49.76649405,51.41199376,219.5813169,100.4575913
W10004_0703/PHZ51,7.594269462,51.78787615,52.45900692,242.8807269,117.9258979
W10004_0704/PHK76,5.214982189,53.6161884,53.40751941,235.8901762,101.2849882
W10004_0704/PHP02,7.122401293,52.29279468,53.11539756,224.5373318,106.0927873
W10004_0704/PHZ51,10.25393656,53.71467092,54.94765958,275.7486959,152.7671845
W10004_0705/PHK76,5.914787532,51.77952566,52.00834076,207.5567581,94.20599645
W10004_0705/PHP02,6.572260767,51.84451845,52.79894215,199.3592356,92.57370721
W10004_0705/PHZ51,6.649419442,52.91692249,55.82478322,225.2228672,105.8982006
W10004_0707/PHK76,NA,54.01059319,53.02440227,188.826934,92.4873038
W10004_0707/PHP02,7.427857446,52.4824796,53.21736048,183.6822385,69.15735866
W10004_0707/PHZ51,9.42910592,51.40351044,52.17353916,236.1220175,117.6939923
W10004_0711/PHK76,7.97498598,49.03653678,50.21990177,193.3408575,83.22462249
W10004_0711/PHP02,10.51623813,49.40534909,51.53258481,206.6114307,80.00251494
W10004_0711/PHZ51,7.814660428,53.09486804,54.47336288,239.7226194,101.1041736
W10004_0712/PHP02,11.47912745,51.22040001,53.02948169,238.3944352,93.04812944
W10004_0712/PHZ51,9.201380601,53.79547336,54.93233007,272.6976956,130.8680942
W10004_0713/PHK76,8.961065474,49.31002559,50.47684605,NA,80.14663417
W10004_0713/PHP02,9.326408919,51.11502804,53.22596431,216.0119382,96.06711503
W10004_0713/PHZ51,8.103665874,51.62708766,53.26845933,243.9478974,85.84679649
W10004_0714/PHK76,NA,54.88921188,53.54996306,220.837228,100.8370561
W10004_0714/PHP02,NA,52.35990672,53.56825768,209.0644307,96.54815596
W10004_0714/PHZ51,7.203965487,52.87873323,53.82476956,267.9239049,122.9449827
W10004_0715/PHK76,7.092887229,52.96671524,53.01270879,220.2761576,103.2986137
W10004_0715/PHP02,8.673298073,51.08398212,52.93817297,232.6517781,107.9050918
W10004_0715/PHZ51,9.009832185,53.41196799,53.04948587,254.3626105,111.9580575
W10004_0717/PHP02,3.662868843,50.89084606,52.69187002,212.2894128,83.51525141
W10004_0717/PHZ51,9.300544818,50.1896078,53.13843594,248.6883497,116.400912
W10004_0723/PHP02,8.295515071,49.1998864,51.20956063,204.9363839,92.73566735
W10004_0723/PHZ51,NA,53.33569888,54.21572694,229.0537587,86.83122581
W10004_0727/PHK76,6.552821423,49.92796827,50.88101346,195.1644842,91.21161548
W10004_0727/PHP02,7.333129489,52.18028869,53.88143715,214.9674887,115.5139033
W10004_0727/PHZ51,7.586373664,54.25624668,55.87673955,226.2348979,111.2337079
W10004_0729/PHK76,11.60894511,52.96927779,52.56916521,250.9350209,122.8683081
W10004_0729/PHP02,9.885572877,52.11057697,52.67836666,253.9092744,127.5403573
W10004_0729/PHZ51,8.728084501,55.94445628,55.36829974,268.4748882,117.6913657
W10004_0732/PHK76,6.733721412,52.79082081,53.05068974,227.2891955,123.0766683
W10004_0732/PHP02,8.620628265,51.52780502,53.11387387,211.6547227,93.15886017
W10004_0732/PHZ51,8.068821368,53.60423931,53.3220172,260.1405625,126.5117482
W10004_0733/PHK76,NA,50.12790552,51.86340327,208.4472863,97.16574504
W10004_0733/PHP02,NA,52.30794718,53.77216765,222.0124719,77.24716168
W10004_0733/PHZ51,8.179088338,53.39926472,54.35618312,252.9282079,86.86927375
W10004_0734/PHK76,5.612200015,53.2204999,52.7494861,228.9811292,103.2842854
W10004_0734/PHP02,8.632561139,53.24639977,54.57037209,204.8100218,91.56528983
W10004_0734/PHZ51,4.466243578,54.30579995,58.48099804,233.9175316,103.5892627
W10004_0736/PHP02,8.514591926,51.44583499,53.0053696,226.965564,112.4952657
W10004_0736/PHZ51,9.323724985,53.39537275,53.93496931,256.7013981,110.8663488
W10004_0741/PHK76,NA,49.81047921,50.21820586,186.6452261,68.66027784
W10004_0741/PHP02,9.082307907,49.30593151,50.68262707,212.2265141,81.62141502
W10004_0741/PHZ51,8.5462948,51.71146806,53.23904402,218.9674059,83.22181078
W10004_0745/PHK76,8.037388597,52.85369784,53.27545181,244.8821854,103.0212809
W10004_0745/PHP02,9.88384912,51.26624073,51.57220119,243.6644653,110.0783057
W10004_0745/PHZ51,10.91602609,52.35873779,53.0235475,260.4463687,122.7282395
W10004_0746/PHK76,8.516733585,51.45528233,52.00282756,233.6721197,117.1833524
W10004_0746/PHP02,7.57257852,52.57882758,54.40597013,238.4054195,128.6969941
W10004_0746/PHZ51,7.54974071,53.98154293,55.30416661,155.0924024,124.4955709
W10004_0747/PHK76,8.158730909,51.46234992,51.55412883,246.4987825,113.1339269
W10004_0747/PHP02,9.997938674,51.25329741,52.52015105,252.2750097,130.6717993
W10004_0747/PHZ51,9.411070567,52.83634998,53.64512763,266.7272384,125.0759315
W10004_0751/PHK76,8.732777816,50.81197588,51.69636061,217.6591114,93.07857904
W10004_0751/PHP02,8.724085862,50.35205547,51.47302775,225.4563516,110.8978314
W10004_0751/PHZ51,NA,53.05270061,53.33127138,257.6009868,111.4912663
W10004_0754/PHK76,7.435011982,51.87332324,52.87869829,212.4561144,106.9163333
W10004_0754/PHP02,NA,50.62764612,51.11017462,196.219176,100.5896928
W10004_0754/PHZ51,6.967376414,53.96733139,53.5965779,219.3370251,88.79853029
W10004_0756/PHP02,9.49654576,52.32240157,53.46025942,232.1101682,118.7133474
W10004_0756/PHZ51,8.700521296,53.62611867,54.19726539,267.1522602,137.1346095
W10004_0757/PHK76,8.372480436,52.48407357,52.16221152,223.3453617,113.7259797
W10004_0757/PHP02,7.739047242,52.32558868,53.60273238,237.4686177,118.1096952
W10004_0757/PHZ51,8.535728811,54.72377391,54.05789261,261.1693632,138.4362903
W10004_0760/PHK76,6.562537792,50.22143558,51.25654582,209.6608864,95.56032027
W10004_0760/PHP02,7.37168846,50.52631407,50.63380492,225.7101931,115.1233017
W10004_0760/PHZ51,6.535872661,52.17210084,52.39434269,251.9699206,116.6965584
W10004_0768/PHK76,8.691139809,51.73313767,52.65288663,235.6748371,99.63836816
W10004_0768/PHP02,5.990048127,53.38273383,54.09513887,218.5711581,101.9145221
W10004_0768/PHZ51,8.841498497,55.35191684,56.20286617,245.9213615,109.8241074
W10004_0771/PHK76,NA,51.55016505,53.2707038,222.4528866,97.12436937
W10004_0771/PHP02,8.116960545,50.15747987,52.64686447,230.2847759,98.70800876
W10004_0771/PHZ51,NA,52.82518607,54.94671189,221.7522063,96.17946179
W10004_0773/PHK76,8.238264736,51.81576005,52.69395355,219.2013047,93.08650925
W10004_0773/PHP02,4.724507709,50.82187698,51.48156353,219.9303379,94.12250511
W10004_0773/PHZ51,6.85800357,52.64230321,57.60263591,220.5323076,85.79516973
W10004_0774/PHP02,8.801300721,52.17678373,53.3096762,239.5916222,114.0253149
W10004_0774/PHZ51,9.482810947,53.30394633,54.16134648,274.8967441,132.1568221
W10004_0775/PHK76,8.155898404,50.36863184,52.3320138,223.6817404,95.63532138
W10004_0775/PHP02,NA,50.84085881,53.39249498,219.0087966,84.35938631
W10004_0775/PHZ51,8.339883095,53.74501662,55.09356475,255.3513736,112.7080481
W10004_0776/PHK76,NA,53.99959221,54.52142578,219.5498488,108.3350953
W10004_0776/PHP02,8.621466476,52.82132649,53.40114816,227.5019799,113.5998311
W10004_0776/PHZ51,9.652034806,51.35973799,52.28132929,269.6481562,126.4281078
W10004_0779/PHK76,9.940711596,51.30391803,52.85798347,216.7505827,95.90756985
W10004_0779/PHP02,7.737865892,51.95149442,52.32226621,226.1350767,94.4983262
W10004_0779/PHZ51,9.163340607,52.75747306,53.53554591,245.9481122,116.1341196
W10004_0781/PHK76,9.549864954,51.37747857,51.11465998,223.911883,111.1287821
W10004_0781/PHP02,9.906321649,51.3232109,52.41073483,235.6708177,122.0690902
W10004_0781/PHZ51,6.214596985,53.21564901,54.36186018,282.3754873,124.147367
W10004_0782/PHK76,NA,53.32119672,53.14864344,232.4947953,90.06312774
W10004_0782/PHP02,6.346534147,51.89113308,52.95634285,241.8075432,115.1201657
W10004_0782/PHZ51,9.268264593,52.43181326,53.41527812,258.1019081,127.3510145
W10004_0783/PHK76,NA,50.20220282,50.39627681,221.9735673,94.37926281
W10004_0783/PHP02,8.730136724,49.53728028,53.40517673,206.2712965,84.26859517
W10004_0783/PHZ51,8.84502014,53.68850389,54.07627424,279.7372722,131.2101838
W10004_0784/PHK76,8.297179178,52.3402858,53.62420775,234.7813358,104.8170726
W10004_0784/PHP02,7.319181723,51.76090982,54.74399143,250.9413592,114.0031927
W10004_0784/PHZ51,6.650274816,55.01106287,57.84876081,239.6787373,116.932297
W10004_0787/PHP02,9.11578511,53.86203155,54.48971,243.9121681,128.1796003
W10004_0787/PHZ51,8.886788625,55.89450389,56.6315877,263.7281847,125.1099066
W10004_0789/PHK76,NA,51.3977809,52.07324704,236.1355665,93.05547453
W10004_0789/PHP02,8.654742745,51.25325632,52.39561927,238.7308632,110.2938147
W10004_0789/PHZ51,9.28025302,55.47870531,56.10785763,262.6053644,100.9040987
W10004_0792/PHK76,8.445608132,51.30263331,50.97089699,210.558212,88.37770533
W10004_0792/PHP02,NA,50.27949889,51.31894967,223.8466466,95.19798333
W10004_0794/PHK76,6.969542755,52.03639595,52.21834895,233.9309909,113.8909278
W10004_0794/PHP02,6.915683707,53.57115103,53.65490536,223.4508934,115.4762949
W10004_0794/PHZ51,7.304560496,54.57296942,55.06158065,260.5360175,134.3244612
W10004_0795/PHK76,6.891365623,50.18885858,49.44571539,187.2443626,82.20973132
W10004_0795/PHP02,4.916931077,51.18928392,52.29019222,184.8910336,78.95163097
W10004_0795/PHZ51,4.285432069,54.15582717,54.0874781,230.1968559,95.34943232
W10004_0798/PHK76,NA,49.67385905,50.376126,201.7931584,86.59237984
W10004_0798/PHP02,7.52239402,50.98405526,52.36305899,216.3644405,95.55917543
W10004_0798/PHZ51,8.279300213,54.07261314,54.17662072,222.5845918,96.67937368
W10004_0799/PHK76,7.080013601,52.79544222,52.80995188,247.2859067,107.5135273
W10004_0799/PHP02,10.45049449,51.79636086,54.31512009,236.5789837,86.37491111
W10004_0799/PHZ51,6.766118827,54.23252294,56.91158246,265.9455125,97.35307394
W10004_0800/PHK76,5.255522218,51.22327723,51.37652617,227.7483462,96.63405904
W10004_0800/PHP02,7.745990687,52.9746587,52.8903544,236.0413509,94.15049086
W10004_0800/PHZ51,9.698593162,53.09419669,53.85244436,251.6177181,103.7623996
W10004_0801/PHK76,10.56397719,51.03502755,52.23309199,238.0538789,111.9424246
W10004_0801/PHP02,10.82276951,50.95474993,52.81181443,225.3230118,108.4634544
W10004_0801/PHZ51,7.967719849,53.80249922,54.80741749,259.1719917,116.276548
W10004_0802/PHK76,6.24134858,52.49874403,51.12954194,235.5806884,94.33261167
W10004_0802/PHP02,10.09505907,49.10989911,50.48517489,248.644375,107.9582021
W10004_0802/PHZ51,9.780562628,53.02329395,53.40346137,270.7267675,143.2562392
W10004_0803/PHK76,7.311021932,53.00306977,53.07806318,245.3908491,108.5828004
W10004_0803/PHP02,8.124008812,51.28320557,52.39317675,240.5485849,112.0479305
W10004_0803/PHZ51,9.120053456,53.35553838,52.76092039,280.306987,114.1578359
W10004_0806/PHK76,6.444713721,53.14529271,52.65473087,247.5071728,95.69862185
W10004_0806/PHP02,6.696132307,50.4394125,52.26564615,190.7808738,98.09283317
W10004_0806/PHZ51,6.138896379,55.27190608,57.29468677,272.3202444,112.0404558
W10004_0807/PHK76,5.403685197,51.67842756,52.16754472,230.9585305,105.7893333
W10004_0807/PHP02,9.540029083,50.3999061,52.46820792,223.5141826,86.87790946
W10004_0807/PHZ51,8.565114956,53.91071218,55.42208265,259.8608397,103.5797359
W10004_0812/PHK76,7.302793021,50.28624272,51.04971323,239.4213207,93.22332007
W10004_0812/PHP02,8.530362171,51.69199006,53.33120361,213.3727499,87.2299557
W10004_0812/PHZ51,7.590590073,55.81699936,56.6236392,250.3241703,114.9453445
W10004_0814/PHK76,7.506139899,51.60089204,52.54904616,237.5514789,98.14281195
W10004_0814/PHP02,8.195177441,51.53573739,52.603297,249.6327811,107.3278729
W10004_0814/PHZ51,8.413769024,53.45486091,54.47970249,272.3822595,139.7286104
W10004_0815/PHK76,8.114435852,51.29696867,51.45987079,228.5993851,97.95856992
W10004_0815/PHP02,8.616187197,50.44616387,53.55011629,205.0815767,81.13162875
W10004_0815/PHZ51,8.946913333,53.05162264,53.84503645,251.478752,107.9467869
W10004_0818/PHP02,8.109172303,51.32916978,54.57917434,235.0917204,132.4813805
W10004_0818/PHZ51,8.429591504,55.55950495,55.44220188,256.4910517,131.4862676
W10004_0819/PHK76,7.905763686,51.02587508,51.33379734,235.1120308,96.94530339
W10004_0819/PHP02,8.843362943,50.94578072,51.80733438,248.7038756,119.9450985
W10004_0819/PHZ51,8.908033323,52.33433047,53.23046998,278.1766467,109.8827226
W10004_0820/PHK76,6.082787875,52.11943427,52.86232736,212.1197353,88.65296745
W10004_0820/PHP02,8.244259591,50.34995068,51.37477152,219.8201263,95.96839694
W10004_0820/PHZ51,9.528299157,53.00759803,52.98147762,249.5676369,113.3903915
W10004_0822/PHK76,6.775585782,52.21559156,51.81968066,223.6610251,86.88643816
W10004_0822/PHP02,NA,53.33866654,55.2627187,198.205017,78.84397044
W10004_0822/PHZ51,7.773170582,54.17079548,54.53603978,238.9898403,98.46842415
W10004_0823/PHK76,10.52364606,50.07066808,50.36141844,214.8897791,89.98934699
W10004_0823/PHP02,9.233792798,51.49433513,51.76530721,237.1270204,95.69887041
W10004_0823/PHZ51,8.384604858,53.26173781,53.4585351,237.3085731,102.8698057
W10004_0826/PHK76,NA,52.24750761,52.20528317,219.2369154,86.27224974
W10004_0826/PHZ51,8.233479444,54.36208099,55.33699118,257.084122,107.5823871
W10004_0827/PHK76,7.795347427,50.91406496,52.70668534,221.0558354,102.2823346
W10004_0827/PHP02,9.589121198,50.88463375,52.94044809,222.5375166,105.3355482
W10004_0827/PHZ51,7.465642763,51.56155257,53.61511429,228.9313385,99.01513034
W10004_0828/PHK76,9.017866679,51.22498606,51.43983869,233.4626081,117.702458
W10004_0828/PHP02,NA,52.58362695,53.41803018,214.6255637,108.2427109
W10004_0828/PHZ51,9.11870525,50.78745948,52.44526444,252.8990264,107.062623
W10004_0830/PHK76,7.894383806,51.4307086,51.25035813,227.7620159,93.05937286
W10004_0830/PHP02,10.41953369,51.04555464,52.65719368,234.8962452,116.8608099
W10004_0830/PHZ51,8.774298626,52.93538828,53.49227038,251.9806345,120.8128251
W10004_0832/PHK76,8.384866677,49.39521658,51.24410257,187.5400007,78.27405527
W10004_0832/PHP02,8.286297736,49.42012046,53.21952577,189.6235104,88.1790188
W10004_0832/PHZ51,7.302133647,53.65856151,54.73950366,213.614597,95.16996714
W10004_0833/PHK76,8.795394684,54.00226867,54.16462476,256.842699,121.257722
W10004_0833/PHP02,8.438645682,52.42291737,53.84246823,233.9925534,104.7845858
W10004_0833/PHZ51,7.388291676,52.73434244,53.54474912,254.369935,109.7586222
W10004_0834/PHK76,NA,51.39620023,51.80080674,183.4819776,69.39615479
W10004_0834/PHP02,8.405149659,50.69827669,52.62922917,216.4655413,81.21944703
W10004_0834/PHZ51,8.31628451,54.10277047,53.50249327,240.7942692,102.2770275
W10004_0836/PHK76,6.992272334,51.14800447,52.05141257,245.7815242,113.988106
W10004_0836/PHP02,9.639817462,52.09679971,53.17714733,226.9296386,112.1450714
W10004_0836/PHZ51,8.503983838,54.06010789,53.65116228,257.9926473,111.5249222
W10004_0837/PHK76,6.564839187,50.57512945,50.54969513,233.5063249,92.83621769
W10004_0837/PHP02,7.175972999,49.4607186,50.21582626,235.7199333,95.501788
W10004_0837/PHZ51,7.796276969,52.47896515,53.91424922,250.3191287,97.6993004
W10004_0840/PHK76,8.898323257,48.91688911,48.66968281,219.1933042,82.42744273
W10004_0840/PHP02,8.224665323,50.20936192,50.39632057,202.9782179,83.56734503
W10004_0840/PHZ51,8.332343609,52.38951817,51.94436549,251.8661337,115.6506412
W10004_0842/PHK76,7.925670475,49.01427325,50.27368065,214.3702622,102.4410315
W10004_0842/PHP02,9.767959434,51.35599405,52.13110219,230.4218494,118.0152154
W10004_0842/PHZ51,10.94908669,51.11617205,51.87260307,242.700631,117.2563312
W10004_0843/PHK76,7.152091967,51.95424987,52.91120463,208.9717562,95.4910019
W10004_0843/PHP02,7.91854979,51.43680781,52.14031027,209.7593105,87.53933723
W10004_0843/PHZ51,9.316280955,53.61592374,54.5700436,232.9728652,102.9503268
W10004_0844/PHK76,8.63562447,48.21905586,48.61955174,201.1548124,73.97525962
W10004_0844/PHP02,NA,50.86140604,51.65423235,204.3259772,75.01583111
W10004_0844/PHZ51,8.704017669,51.75938807,52.8686806,237.2181335,94.57417205
W10004_0847/PHK76,6.983160864,51.20276189,50.62004351,202.3530115,86.13901222
W10004_0847/PHP02,7.455266755,53.45122529,53.77673161,216.0610011,110.5383441
W10004_0847/PHZ51,6.644301803,53.75511049,54.55673531,233.9411213,117.4511151
W10004_0848/PHK76,9.739433403,50.13730814,51.6143803,249.9784994,140.2603898
W10004_0848/PHP02,10.08880461,50.60913523,50.98281482,236.8760902,107.6767508
W10004_0848/PHZ51,8.536782572,53.63675318,54.65612962,269.659879,140.3972102
W10004_0851/PHK76,9.068553777,50.35484662,50.60287435,226.4455169,97.49177168
W10004_0851/PHZ51,8.428350085,52.186533,55.07359796,246.7914817,139.5109213
W10004_0852/PHK76,5.351122663,50.57395122,50.22429718,189.0546447,84.91827518
W10004_0852/PHP02,10.33398977,48.95610741,51.07554263,199.0188631,85.15949968
W10004_0852/PHZ51,6.567179034,54.34940853,53.74897173,230.1582626,85.43289876
W10004_0856/PHK76,6.335606149,50.5369196,51.14916446,187.222441,66.80064275
W10004_0856/PHP02,7.809122803,49.04329353,50.77696137,190.5420388,82.45575561
W10004_0856/PHZ51,6.673525657,51.19827043,52.41497777,240.4172025,108.6747316
W10004_0858/PHK76,8.184733082,52.2534028,52.66888626,234.8621953,115.4474604
W10004_0858/PHP02,5.621328611,52.1598439,53.25255455,210.9275981,88.45221067
W10004_0858/PHZ51,6.41110809,54.84466665,56.62453686,256.5192128,95.8916005
W10004_0859/PHK76,5.973306877,52.25390705,53.31182391,224.0155466,101.2170802
W10004_0859/PHP02,NA,50.11100248,52.56650184,199.5129954,85.81265452
W10004_0859/PHZ51,9.735736477,52.55989871,54.45337198,258.6343601,119.638004
W10004_0866/PHP02,NA,50.97728705,53.24414407,226.3828883,100.7911423
W10004_0866/PHZ51,9.708878516,52.69569092,54.63399878,261.0341834,130.6781812
W10004_0868/PHK76,9.691880411,50.50619828,50.97019363,236.7945985,116.8964579
W10004_0868/PHP02,9.986890175,52.5676218,52.68778195,219.2655073,96.29744472
W10004_0868/PHZ51,9.21798209,53.01163406,52.46504157,241.1461358,101.3748885
W10004_0869/PHK76,NA,51.54767151,50.85619083,211.9058197,83.41738067
W10004_0869/PHP02,8.242523517,50.67521699,50.42385365,216.3407167,95.73735473
W10004_0869/PHZ51,7.691763183,51.62807135,52.69708032,240.8037636,89.84003574
W10004_0876/PHK76,7.929358114,50.88621705,51.87625253,211.5422253,81.20235463
W10004_0876/PHP02,7.602236336,50.58137547,51.37498577,229.2813628,91.08298849
W10004_0876/PHZ51,8.798830481,52.62385611,55.05946672,251.9509236,89.11933951
W10004_0877/PHK76,NA,51.17510555,51.42968413,215.2205402,88.70522988
W10004_0877/PHP02,8.378584026,50.55291727,50.3938269,222.3606211,103.9979612
W10004_0877/PHZ51,7.502685064,52.71231293,52.16899397,241.0489968,109.5894672
W10004_0879/PHK76,5.153966479,50.91275379,51.39003165,186.9550249,80.21986856
W10004_0879/PHP02,7.558814957,48.67198545,51.21486104,178.343743,66.00989774
W10004_0879/PHZ51,8.078306596,51.99909983,52.55286939,210.6240978,70.70414631
W10004_0884/PHK76,8.095115168,48.20666837,48.58471777,188.7296126,84.67773821
W10004_0884/PHP02,7.793893266,50.20651288,51.74985015,186.423105,92.70738932
W10004_0884/PHZ51,7.426448058,52.30432045,54.79940506,220.1441422,94.46630325
W10004_0885/PHK76,NA,52.23417912,53.37537326,200.7794893,89.23762661
W10004_0885/PHP02,7.582487989,51.13231375,52.45165858,219.8846812,84.96084648
W10004_0885/PHZ51,5.140221499,53.92001838,54.23562884,251.7940874,130.7374626
W10004_0886/PHP02,8.979493066,52.59542879,53.2451891,226.2105175,101.5297216
W10004_0886/PHZ51,7.643376901,53.30355469,55.27305118,255.1216203,103.5907811
W10004_0888/PHK76,9.801492986,50.70565102,49.57796142,210.2799985,83.22499885
W10004_0888/PHP02,8.685023741,49.89092,50.55179933,232.9638069,88.18323778
W10004_0888/PHZ51,8.457682661,54.04080543,53.85011413,250.7614634,122.6003863
W10004_0889/PHK76,NA,50.26307574,50.26356274,203.06312,68.31417196
W10004_0889/PHP02,NA,49.10934862,51.40475952,212.216017,71.43552816
W10004_0889/PHZ51,5.493200107,52.35625004,53.12526516,243.270178,77.01458378
W10004_0891/PHK76,8.478847666,51.97216696,52.50929965,215.8050056,82.40053998
W10004_0891/PHP02,9.373833056,52.25576135,52.23962779,235.2934589,96.51126693
W10004_0891/PHZ51,6.906792536,53.63052491,54.27132683,260.4394306,130.4773351
W10004_0892/PHK76,8.329753887,52.08338628,51.2486265,213.3307258,109.1011182
W10004_0892/PHP02,10.2251883,49.8478693,52.17126208,221.8213088,112.3672618
W10004_0892/PHZ51,7.029366784,52.69705532,53.76018127,250.5388173,117.6808244
W10004_0894/PHK76,8.377418422,51.14268577,51.21801746,199.3310692,86.83692737
W10004_0894/PHP02,8.530104742,50.55394765,51.48826559,225.8653534,113.4414427
W10004_0894/PHZ51,8.576720408,52.73901142,53.6227512,253.7542412,99.92994117
W10004_0896/PHK76,10.40099551,52.42610102,52.29732645,232.527579,106.0757117
W10004_0896/PHP02,8.260919627,51.00437095,52.62342251,247.4331387,148.7668245
W10004_0896/PHZ51,6.850383221,52.40350323,54.15956459,223.7990754,95.47898734
W10004_0900/PHK76,NA,51.64774419,52.79017451,202.2419596,95.391461
W10004_0900/PHP02,5.490788793,50.61566511,51.99462896,203.9270823,83.898693
W10004_0900/PHZ51,6.856699653,52.51558667,54.26895143,232.6218155,90.79834541
W10004_0901/PHK76,10.35506298,49.02690283,50.48318314,206.7388599,72.93846745
W10004_0901/PHP02,7.817076538,50.24297071,52.2519428,216.9600222,95.45739812
W10004_0901/PHZ51,7.074158253,52.65095153,53.48483948,241.4526259,83.23134501
W10004_0907/PHK76,8.395816486,52.2356499,52.54886716,249.3431106,118.730854
W10004_0907/PHP02,9.728357837,52.15255825,53.52150421,237.750668,102.9109236
W10004_0907/PHZ51,9.644898639,53.90240654,54.11137745,268.17094,138.5032641
W10004_0913/PHK76,9.555401669,52.37445742,52.72203417,229.0125709,114.0969415
W10004_0913/PHP02,8.292816677,50.82187606,51.99780483,238.1139962,116.3718039
W10004_0913/PHZ51,7.783937774,53.58476039,54.51271371,250.2255763,112.6590273
W10004_0914/PHK76,8.345100309,54.07747585,55.25937999,239.3166554,96.84338547
W10004_0914/PHP02,8.013308389,51.06177212,53.11413021,237.8415158,105.1069376
W10004_0914/PHZ51,9.927798527,54.15324003,56.37221166,261.6575966,128.4914093
W10004_0916/PHK76,7.191139726,51.05152466,51.62943408,212.6174523,95.96565684
W10004_0916/PHP02,9.408031833,51.28281735,52.06474525,231.8613446,109.1085253
W10004_0916/PHZ51,6.827388205,56.24741865,56.19260871,260.2559692,119.0973409
W10004_0918/PHK76,6.234768067,52.5262203,53.36881714,204.2847568,96.85796388
W10004_0918/PHP02,10.28306764,51.74930015,53.87188915,230.8420517,116.0202483
W10004_0918/PHZ51,8.178614342,53.0094067,53.93782811,245.1842622,102.7047603
W10004_0920/PHK76,4.788838461,50.06850665,50.25489995,197.6975192,81.32502963
W10004_0920/PHP02,7.464403166,50.25819451,50.6881083,213.7641194,79.78685557
W10004_0920/PHZ51,7.581711677,53.406767,53.26529218,232.1740217,107.0283444
W10004_0922/PHK76,3.260670887,50.7545067,49.73104797,211.8132728,83.63818868
W10004_0922/PHP02,NA,50.73385713,52.00898096,201.6796011,68.33096269
W10004_0922/PHZ51,8.253524949,53.11097808,53.48852842,250.1957728,92.02084903
W10004_0928/PHK76,8.118278115,48.95353124,51.52139294,224.8070632,102.1443912
W10004_0928/PHP02,9.266706245,49.36123372,51.90657612,239.2455609,100.9064574
W10004_0928/PHZ51,7.504650977,53.54360869,56.08689045,264.2088851,103.6701454
W10004_0930/PHK76,5.510199244,50.54235816,52.4335713,207.7675548,82.25085345
W10004_0930/PHP02,7.528065739,50.86443633,52.38972377,220.5679992,90.76035748
W10004_0930/PHZ51,7.582224046,52.79269576,53.54284726,251.4558129,110.0660391
W10004_0932/PHK76,7.760992587,51.32538793,53.34760467,231.7599611,107.2827874
W10004_0932/PHP02,7.000765479,51.82851407,55.88003095,241.6383606,122.1281354
W10004_0932/PHZ51,5.302327233,53.73853388,58.06419125,271.744242,118.4208955
W10004_0935/PHK76,6.163197535,49.97142946,50.90240421,226.5793234,83.73534444
W10004_0935/PHP02,5.732097509,50.1400743,53.37595025,200.9398246,67.38978507
W10004_0935/PHZ51,8.194803364,51.73875802,53.58571311,244.9355482,80.74270674
W10004_0938/PHK76,NA,51.59324015,53.11623945,209.0483316,82.56794246
W10004_0938/PHP02,6.026791513,51.98541967,54.48924147,232.8690743,114.5618186
W10004_0938/PHZ51,8.98267511,52.05533375,53.44851296,254.1402882,109.2316985
W10004_0940/PHP02,6.532536237,51.98023575,53.2259778,241.1674911,110.0767844
W10004_0940/PHZ51,10.90046243,52.67312095,54.4223539,279.6906321,126.3067129
W10004_0943/PHK76,5.194722315,51.06136919,52.47201621,220.7406834,91.24227223
W10004_0943/PHP02,10.02764355,51.04893195,53.74760279,246.6553963,94.83888966
W10004_0943/PHZ51,8.290468842,53.40181634,55.42009677,260.1512346,108.061337
W10004_0949/PHK76,10.5847529,50.95441093,52.22517359,225.6498034,99.81420529
W10004_0949/PHP02,8.447336861,52.46984725,53.31891469,224.3713229,107.8709688
W10004_0949/PHZ51,7.292475902,53.85170995,54.64689004,258.6095676,112.5087909
W10004_0950/PHK76,7.007930875,50.18170462,50.20713033,195.8611253,90.76236991
W10004_0950/PHP02,4.365947674,53.57038527,54.12855148,200.4283715,78.60077277
W10004_0950/PHZ51,6.674903892,52.83363228,53.50992256,235.3894141,116.905826
W10004_0951/PHK76,9.263164946,49.52485031,51.1064361,233.12931,107.250848
W10004_0951/PHP02,7.887600956,50.38620714,52.55291693,230.8298053,101.9343768
W10004_0951/PHZ51,5.36222662,54.0167774,58.30322362,239.8880264,100.4710653
W10004_0953/PHP02,8.322530677,51.34261592,53.21157727,217.219496,94.0144567
W10004_0953/PHZ51,6.861472804,52.28724609,55.02331974,241.5590996,115.3038456
W10004_0955/PHK76,8.550637237,51.72507799,51.75046261,228.849004,117.1376336
W10004_0955/PHP02,5.965208649,51.25039926,53.34872862,224.177832,88.08135282
W10004_0955/PHZ51,9.346271056,52.98012893,56.06357583,238.6231968,103.8728141
W10004_0956/PHP02,NA,52.07898779,53.13324385,232.8128321,117.1865264
W10004_0956/PHZ51,9.247819706,53.75301857,54.5964282,263.8865896,114.4564823
W10004_0963/PHK76,6.699836541,50.38611414,52.40056671,251.6265212,110.4620132
W10004_0963/PHP02,NA,50.152312,53.25465359,221.2835321,87.46934718
W10004_0963/PHZ51,7.540171673,52.17933329,55.694616,245.7748255,100.1216371
W10004_0964/PHK76,10.61891765,48.31644,49.22354957,191.3317704,79.98884837
W10004_0964/PHP02,7.533545474,50.02757108,52.41671514,200.3813512,89.56625739
W10004_0964/PHZ51,7.422563611,53.42080832,54.84244655,231.3039678,93.70200438
W10004_0965/PHK76,6.811148597,50.36040295,51.49533692,226.8755174,113.6489566
W10004_0965/PHP02,NA,50.07762339,52.00706136,215.3081982,87.18388325
W10004_0965/PHZ51,7.178744898,52.91894107,54.25875953,220.6670626,90.56610065
W10004_0966/PHK76,8.642314684,51.63579911,52.6305102,231.7018398,111.4923778
W10004_0966/PHP02,8.201425462,52.96230634,53.64847406,236.8224897,109.6648724
W10004_0966/PHZ51,9.735503584,51.86654347,53.52798069,239.0303155,85.70805537
W10004_0969/PHK76,9.443815953,50.55711129,50.81048566,203.004905,73.5578946
W10004_0969/PHP02,8.208680295,50.15788084,51.78617725,220.0139331,90.83521841
W10004_0969/PHZ51,7.685875537,52.89416788,52.44807554,242.0211181,95.99311857
W10004_0970/PHK76,NA,52.50492276,52.2935757,236.6033488,91.70179271
W10004_0970/PHP02,6.410370052,51.16631998,51.55578748,241.3358348,106.9681056
W10004_0970/PHZ51,5.351329565,53.76440794,57.54996221,226.0787924,85.70451699
W10004_0971/PHK76,5.491815157,51.36785285,52.25227715,201.0802463,102.3225582
W10004_0971/PHP02,7.410861407,51.53896894,52.81228961,197.6297548,76.0553299
W10004_0971/PHZ51,9.782237288,53.55493336,53.71411637,213.5552386,103.379462
W10004_0974/PHK76,5.241507647,51.38714273,51.4593736,218.0248261,81.54826338
W10004_0974/PHP02,10.2372155,49.84472377,51.49126536,246.9504295,114.7984394
W10004_0974/PHZ51,7.544973599,53.36736766,55.74741302,257.0693307,95.66758865
W10004_0975/PHK76,7.472660267,51.44438279,52.05178564,219.7833129,107.1828704
W10004_0975/PHP02,NA,51.18319233,53.37568549,224.530936,98.58917184
W10004_0975/PHZ51,8.091722284,54.03840049,54.13734427,251.2084656,120.1020963
W10004_0981/PHK76,9.269024147,50.1982753,51.35195239,216.9674781,93.37970226
W10004_0981/PHZ51,8.152136486,54.40919241,55.66423717,238.3952126,115.9725912
W10004_0982/PHK76,NA,49.58663807,50.49545826,210.3421922,89.57237117
W10004_0982/PHP02,9.090956831,52.17108109,52.46433248,217.9639546,105.8304089
W10004_0982/PHZ51,10.21740375,52.13217722,52.28943683,245.3834899,104.0034888
W10004_0984/PHK76,6.556596327,51.73107181,51.54789065,219.4752358,96.87750576
W10004_0984/PHP02,7.801612338,51.7178868,52.26112988,212.6914444,85.81295775
W10004_0984/PHZ51,6.430167572,52.18979751,52.82895542,247.1933813,95.5765169
W10004_0988/PHK76,6.872092323,51.54238646,51.79355351,229.7648491,107.4151297
W10004_0988/PHP02,9.12584195,50.71986013,50.83425147,230.8786162,106.520828
W10004_0988/PHZ51,6.663786433,52.45805894,52.59511535,252.4979183,117.929335
W10004_0991/PHK76,NA,51.99420524,52.36313812,220.7537797,78.2989428
W10004_0991/PHP02,NA,50.56479037,52.11209365,218.5374064,78.8528781
W10004_0991/PHZ51,9.009142262,53.29887455,53.09819857,257.6837923,93.60777366
W10004_0996/PHK76,NA,52.90340954,53.25673423,222.2971479,103.0496381
W10004_0996/PHP02,10.07408203,52.41381153,53.21123064,234.3241467,114.6705831
W10004_0996/PHZ51,8.675766925,53.0242099,53.71632761,252.8297759,112.0471605
W10004_0997/PHK76,8.059158383,48.98165688,48.75514468,210.6156179,97.15622143
W10004_0997/PHP02,8.016462832,50.74426077,51.89670153,220.1821304,101.0724186
W10004_0997/PHZ51,8.01221166,52.53326425,54.01930566,228.8857441,74.56526438
W10004_1000/PHP02,7.915900612,51.62674315,53.23773294,244.4942051,125.5873211
W10004_1000/PHZ51,8.183534318,53.87031862,55.07609307,249.0513666,104.619171
W10004_1001/PHK76,6.901263985,48.98393757,49.86116599,218.7379514,87.06732467
W10004_1001/PHP02,6.887933951,51.99451313,52.46339366,220.4356791,90.75062319
W10004_1001/PHZ51,6.489537158,51.99484122,53.66411654,243.2183279,102.1669363
W10004_1002/PHK76,10.21333138,51.03686533,50.95112924,229.9607526,92.25047559
W10004_1002/PHP02,10.51089843,51.11945034,52.90656496,212.118125,103.4916458
W10004_1002/PHZ51,8.734362557,53.16588471,54.89738464,229.3827482,106.8915449
W10004_1004/PHK76,7.871359276,49.03151995,50.66336853,205.5606999,80.52473027
W10004_1004/PHP02,7.316370205,47.99750141,49.99546192,213.4922161,94.09225167
W10004_1004/PHZ51,9.823116277,48.30575698,50.15067954,240.9021854,87.21678765
W10004_1007/PHK76,8.607342234,49.55621321,51.09485458,209.426527,63.77300203
W10004_1007/PHP02,8.998262623,51.15179248,53.99515032,207.7281461,59.03540141
W10004_1007/PHZ51,7.243592736,52.55829645,54.46694286,218.4957778,66.85142491
W10004_1011/PHK76,8.409082951,51.59558927,51.67450024,230.4665328,88.1609253
W10004_1011/PHP02,8.989455068,51.83114963,51.95948006,221.8582152,100.5603963
W10004_1011/PHZ51,7.719899528,53.28839814,54.41338923,241.3686022,92.73955383
W10004_1014/PHK76,7.951938661,51.5423099,52.92052647,231.3178782,99.84372114
W10004_1014/PHP02,9.055387988,51.85994704,52.81840806,230.0719724,103.9518348
W10004_1014/PHZ51,8.631523784,56.47287729,56.94291782,258.1054125,114.0309109
W10004_1015/PHK76,8.568800459,49.44461191,51.42468624,220.8706647,102.9886538
W10004_1015/PHP02,8.64327748,50.59979193,52.05636148,222.3025908,87.83579991
W10004_1015/PHZ51,8.265659353,52.51950283,53.35819201,260.6273903,107.8270287
W10004_1018/PHK76,8.411314682,51.55082291,51.32349258,230.3310898,100.7299236
W10004_1018/PHP02,6.144699412,51.0340388,52.00094759,237.5179745,112.851455
W10004_1018/PHZ51,7.892872604,53.58305155,53.44940119,277.5113144,140.5906283
W10004_1020/PHK76,6.047054656,49.04701851,49.48240222,223.2999727,89.19161549
W10004_1020/PHP02,7.757901512,48.27597571,48.99094565,214.4027867,93.81237626
W10004_1020/PHZ51,6.293495251,51.1597604,52.45339389,246.7025224,111.1745866
W10004_1032/PHK76,NA,50.97427747,51.35715808,186.2262721,84.46157389
W10004_1032/PHP02,7.923040699,50.52013412,51.67345954,204.6095893,89.05183604
W10004_1032/PHZ51,8.953311161,52.92561863,52.86395214,229.8356851,92.20334339
W10004_1037/PHP02,6.860515379,51.04056851,52.94717624,196.3935809,82.15677717
W10004_1037/PHZ51,8.093141913,54.62285006,57.33643776,252.8260882,84.27074126
W10004_1045/PHK76,5.337544608,53.02990179,53.04716358,227.2810869,120.5007747
W10004_1045/PHP02,9.044870178,50.7500978,52.36681324,252.3596048,143.0044474
W10004_1045/PHZ51,9.57819347,52.44556018,54.43046144,260.4259657,138.8820939
W10004_1052/PHK76,7.262706627,50.25847553,51.68147444,194.2193618,62.56769754
W10004_1052/PHP02,6.666802655,51.93642504,52.74969786,193.5312408,75.87907107
W10004_1052/PHZ51,7.561938666,53.26840741,55.33760688,230.2856312,108.3053699
W10004_1057/PHK76,5.025695172,51.26791875,51.38229203,207.9141224,82.84239703
W10004_1057/PHP02,7.723907049,50.95602776,51.73823937,222.8026112,90.23903868
W10004_1057/PHZ51,8.747113551,52.61147266,54.77644732,248.4392285,94.96147923
W10004_1063/PHK76,8.184015728,53.02569678,53.30552964,230.1793779,105.6823613
W10004_1063/PHP02,5.465000509,53.07616455,54.19662776,230.661763,111.1539581
W10004_1063/PHZ51,6.952493938,56.55957241,55.38001277,277.982108,111.2418879
W10004_1064/PHP02,8.294015719,51.13879261,53.36026417,211.9507574,92.24276996
W10004_1064/PHZ51,8.60316766,53.93621761,54.70499782,219.3250663,102.1812202
W10004_1072/PHK76,NA,52.30343278,52.65680328,238.869165,141.6581722
W10004_1072/PHP02,NA,50.11382663,51.52949931,221.6504642,97.95776267
W10004_1072/PHZ51,8.883658187,50.79550405,51.90272489,258.7505944,122.41168
W10004_1080/PHK76,7.836638785,50.12001761,50.64957149,218.4091668,99.30893035
W10004_1080/PHP02,8.530445273,51.37677369,52.03717912,247.4923427,125.6726383
W10004_1080/PHZ51,11.29548306,52.95367616,53.61572382,252.9198633,92.23111995
W10004_1081/PHK76,NA,49.49494741,51.17842273,213.2578083,92.21301254
W10004_1081/PHP02,8.793171507,50.31379825,51.62309617,205.9345266,90.27741361
W10004_1081/PHZ51,7.904019252,51.06789631,53.15190105,257.2518167,98.29391294
W10004_1084/PHK76,7.693603681,53.57144817,53.67029234,222.6294033,84.06067059
W10004_1084/PHP02,9.826326528,49.54689325,52.53978695,211.7178984,91.75130862
W10004_1084/PHZ51,7.136126733,52.50260225,55.54147913,249.9757556,86.25110343
W10004_1099/PHK76,NA,50.82374966,52.15906979,206.5634117,85.95428597
W10004_1099/PHP02,5.942957917,49.87992653,51.61878108,218.7988192,106.8388761
W10004_1099/PHZ51,6.7413311,52.66032361,53.80272666,242.0573064,110.995458
W10004_1104/PHK76,NA,52.30176621,52.14364135,190.6589902,77.13595878
W10004_1104/PHP02,5.795307782,51.70058816,53.02645835,214.6825299,92.87138243
W10004_1104/PHZ51,6.775416748,52.2825456,53.686857,229.8272269,81.55920042
W10004_1105/PHK76,6.182336214,49.45462433,49.64711829,211.9897302,90.57298265
W10004_1105/PHP02,9.540751114,51.1631901,51.72110454,221.0932354,83.35832747
W10004_1105/PHZ51,7.761830437,49.79193749,52.57000422,248.3334737,99.58485752
W10004_1112/PHK76,6.365975627,50.99329946,51.16014472,233.2235628,106.7393661
W10004_1112/PHP02,7.961214249,51.05955318,52.1644207,219.1752378,104.8163993
W10004_1112/PHZ51,10.08390219,50.72579922,52.75531294,243.4029448,113.3949294
W10004_1117/PHP02,9.364951936,51.36010759,51.58117135,207.1994088,112.1977965
W10004_1117/PHZ51,5.699706338,52.30449682,52.24176184,223.3251021,97.67949606
W10004_1118/PHK76,NA,51.96513383,52.10491464,210.7159765,97.48824435
W10004_1118/PHP02,6.462046314,52.1157938,53.75231819,209.0344601,106.9426372
W10004_1118/PHZ51,9.902883505,53.06404505,53.920577,244.1516621,124.9920605
W10004_1123/PHP02,NA,51.83973269,53.0670902,174.9626446,81.65072544
W10004_1123/PHZ51,7.551515774,51.98057934,52.58832066,201.1512559,78.88110135
W10004_1140/PHK76,8.296305428,51.54723291,51.65399436,231.1335633,90.43815275
W10004_1140/PHP02,10.60020591,51.88176161,51.66531688,212.7822334,86.7963842
W10004_1140/PHZ51,8.79106303,53.2091037,54.29605907,222.3570687,94.92018998
W10004_1143/PHK76,7.52922415,51.23911316,53.00690004,217.924815,86.32723925
W10004_1143/PHP02,8.598981555,51.45182105,52.66217746,216.0984583,97.84519069
W10004_1143/PHZ51,9.71445152,51.83311844,53.43613502,230.7302647,93.34847453
W10004_1146/PHK76,7.812383843,51.69343667,52.4466919,228.1122374,100.0630795
W10004_1146/PHP02,8.242594223,52.5675935,52.32779974,235.268213,111.1331685
W10004_1146/PHZ51,6.261000681,53.2901702,54.25985479,247.1750921,108.2838624
W10004_1156/PHK76,NA,49.45605803,49.45731998,221.4768631,99.70583601
W10004_1156/PHP02,7.286429413,49.76280025,51.1030539,216.1415152,90.65774274
W10004_1156/PHZ51,9.504246381,49.58105542,51.4352423,258.7307416,107.4245158
