"","grp","var1","var2","vcov","sdcor","Percent","RMSE","Repeatability","Rsquared","Trait"
"1","Pedigree:Flight","(Intercept)",NA,0.000427663240928754,0.0206800203319231,0.0116566630724741,0.0638928414660551,0.493458900616496,0.877459478784602,"Red"
"2","Pedigree","(Intercept)",NA,0.000213395460869241,0.0146080615027881,0.00581644329109518,0.0638928414660551,0.493458900616496,0.877459478784602,"Red"
"3","Row","(Intercept)",NA,6.9830878263286e-05,0.00835648719638139,0.00190335512166614,0.0638928414660551,0.493458900616496,0.877459478784602,"Red"
"4","Range","(Intercept)",NA,0.000119403783691907,0.0109272038368426,0.00325454596717845,0.0638928414660551,0.493458900616496,0.877459478784602,"Red"
"5","Flight","(Intercept)",NA,0.0313622099407992,0.177093788543809,0.854828471332187,0.0638928414660551,0.493458900616496,0.877459478784602,"Red"
"6","Rep","(Intercept)",NA,0,0,0,0.0638928414660551,0.493458900616496,0.877459478784602,"Red"
"7","Residual",NA,NA,0.00449580434145232,0.067050759439788,0.122540521215399,0.0638928414660551,0.493458900616496,0.877459478784602,"Red"
"8","Pedigree:Flight","(Intercept)",NA,0.000302218603954683,0.017384435681226,0.0111107056403598,0.0613967603323822,0.541427067582891,0.849825313160206,"Green"
"9","Pedigree","(Intercept)",NA,0.000232618919756488,0.0152518497159029,0.00855195646453438,0.0613967603323822,0.541427067582891,0.849825313160206,"Green"
"10","Row","(Intercept)",NA,6.18648281655393e-05,0.00786541977045976,0.00227438644161632,0.0613967603323822,0.541427067582891,0.849825313160206,"Green"
"11","Range","(Intercept)",NA,0.000176015917889241,0.0132670990758809,0.00647101477570961,0.0613967603323822,0.541427067582891,0.849825313160206,"Green"
"12","Flight","(Intercept)",NA,0.0223430970584415,0.149476075204166,0.821417249837985,0.0613967603323822,0.541427067582891,0.849825313160206,"Green"
"13","Rep","(Intercept)",NA,0,0,0,0.0613967603323822,0.541427067582891,0.849825313160206,"Green"
"14","Residual",NA,NA,0.00408485164445278,0.0639128441273957,0.150174686839794,0.0613967603323822,0.541427067582891,0.849825313160206,"Green"
"15","Pedigree:Flight","(Intercept)",NA,0.000657813676008351,0.0256478785868997,0.0200606768548759,0.0709779199667425,0.385306877168236,0.828263669703342,"Blue"
"16","Pedigree","(Intercept)",NA,0.000173772684529258,0.0131822867716211,0.00529936940760941,0.0709779199667425,0.385306877168236,0.828263669703342,"Blue"
"17","Row","(Intercept)",NA,8.13516758237047e-05,0.00901951638524509,0.00248089959181884,0.0709779199667425,0.385306877168236,0.828263669703342,"Blue"
"18","Range","(Intercept)",NA,0.000108568120874933,0.0104196027215501,0.00331089192737535,0.0709779199667425,0.385306877168236,0.828263669703342,"Blue"
"19","Flight","(Intercept)",NA,0.0261382538654816,0.161673293606216,0.797111831921662,0.0709779199667425,0.385306877168236,0.828263669703342,"Blue"
"20","Rep","(Intercept)",NA,0,0,0,0.0709779199667425,0.385306877168236,0.828263669703342,"Blue"
"21","Residual",NA,NA,0.00563144043213928,0.0750429239311694,0.171736330296658,0.0709779199667425,0.385306877168236,0.828263669703342,"Blue"
"22","Pedigree:Flight","(Intercept)",NA,0.000413705943697176,0.0203397626263724,0.0134071426104647,0.0640323677686524,0.478169887285266,0.854070707927204,"BI"
"23","Pedigree","(Intercept)",NA,0.000200732738397753,0.0141680181534946,0.00650523032431394,0.0640323677686524,0.478169887285266,0.854070707927204,"BI"
"24","Row","(Intercept)",NA,6.54131913662991e-05,0.00808784219469563,0.00211987281936548,0.0640323677686524,0.478169887285266,0.854070707927204,"BI"
"25","Range","(Intercept)",NA,0.000131700034630851,0.0114760635511856,0.00426805844344221,0.0640323677686524,0.478169887285266,0.854070707927204,"BI"
"26","Flight","(Intercept)",NA,0.0255426190344435,0.159820583888445,0.827770403729618,0.0640323677686524,0.478169887285266,0.854070707927204,"BI"
"27","Rep","(Intercept)",NA,0,0,0,0.0640323677686524,0.478169887285266,0.854070707927204,"BI"
"28","Residual",NA,NA,0.00450295914976803,0.0671040919003307,0.145929292072796,0.0640323677686524,0.478169887285266,0.854070707927204,"BI"
"29","Pedigree:Flight","(Intercept)",NA,5.34171113757042e-05,0.00730870107308434,0.0121332349769757,0.0197271385876407,0.696409587178679,0.900379157660131,"GLI"
"30","Pedigree","(Intercept)",NA,4.96438527940451e-05,0.00704583939598719,0.0112761719157002,0.0197271385876407,0.696409587178679,0.900379157660131,"GLI"
"31","Row","(Intercept)",NA,2.41312593560071e-05,0.00491235782043685,0.00548120691134843,0.0197271385876407,0.696409587178679,0.900379157660131,"GLI"
"32","Range","(Intercept)",NA,2.68973427176126e-05,0.00518626481367974,0.00610949882994751,0.0197271385876407,0.696409587178679,0.900379157660131,"GLI"
"33","Flight","(Intercept)",NA,0.00380987007323952,0.0617241449777923,0.865379045026159,0.0197271385876407,0.696409587178679,0.900379157660131,"GLI"
"34","Rep","(Intercept)",NA,0,0,0,0.0197271385876407,0.696409587178679,0.900379157660131,"GLI"
"35","Residual",NA,NA,0.00043858522815295,0.0209424265106255,0.0996208423398691,0.0197271385876407,0.696409587178679,0.900379157660131,"GLI"
"36","Pedigree:Flight","(Intercept)",NA,3.1367753681074e-05,0.00560069225016641,0.00844723498097292,0.0147143965233693,0.789757388709862,0.933920747200301,"NGRDI"
"37","Pedigree","(Intercept)",NA,4.56117143624e-05,0.00675364452443271,0.0122830876900401,0.0147143965233693,0.789757388709862,0.933920747200301,"NGRDI"
"38","Row","(Intercept)",NA,2.01921291226262e-05,0.00449356530192076,0.00543767530181427,0.0147143965233693,0.789757388709862,0.933920747200301,"NGRDI"
"39","Range","(Intercept)",NA,1.59720183669849e-05,0.00399650076529267,0.00430121307499751,0.0147143965233693,0.789757388709862,0.933920747200301,"NGRDI"
"40","Flight","(Intercept)",NA,0.00335481099336532,0.0579207302558015,0.903439789340302,0.0147143965233693,0.789757388709862,0.933920747200301,"NGRDI"
"41","Rep","(Intercept)",NA,4.36203221105227e-08,0.000208854787138152,1.17468121740459e-05,0.0147143965233693,0.789757388709862,0.933920747200301,"NGRDI"
"42","Residual",NA,NA,0.000245377064793296,0.0156645161046646,0.0660792527996991,0.0147143965233693,0.789757388709862,0.933920747200301,"NGRDI"
"43","Pedigree:Flight","(Intercept)",NA,7.11415295463991e-05,0.00843454382562561,0.00823983040945809,0.0241253791182744,0.740986215452507,0.924688966074925,"VARI"
"44","Pedigree","(Intercept)",NA,9.12522262284627e-05,0.00955260311268414,0.0105691130539672,0.0241253791182744,0.740986215452507,0.924688966074925,"VARI"
"45","Row","(Intercept)",NA,4.27041460069494e-05,0.00653484093203113,0.00494612532400649,0.0241253791182744,0.740986215452507,0.924688966074925,"VARI"
"46","Range","(Intercept)",NA,2.98048319489332e-05,0.00545938017992274,0.0034520871593214,0.0241253791182744,0.740986215452507,0.924688966074925,"VARI"
"47","Flight","(Intercept)",NA,0.00774849043719635,0.0880255101501624,0.897453956063239,0.0241253791182744,0.740986215452507,0.924688966074925,"VARI"
"48","Rep","(Intercept)",NA,2.40488054350651e-07,0.000490395813961183,2.78540649320381e-05,0.0241253791182744,0.740986215452507,0.924688966074925,"VARI"
"49","Residual",NA,NA,0.000650224807903901,0.025499506032547,0.0753110339250753,0.0241253791182744,0.740986215452507,0.924688966074925,"VARI"
"50","Pedigree:Flight","(Intercept)",NA,0.000320167249623733,0.0178932179784334,0.0222647195673659,0.0477654667168163,0.484519675238709,0.821322166581938,"BGI"
"51","Pedigree","(Intercept)",NA,0.000119327370649334,0.01092370681817,0.00829813307682425,0.0477654667168163,0.484519675238709,0.821322166581938,"BGI"
"52","Row","(Intercept)",NA,7.26234899169921e-05,0.00852194167528692,0.00505030304912672,0.0477654667168163,0.484519675238709,0.821322166581938,"BGI"
"53","Range","(Intercept)",NA,0.000107936905553269,0.0103892687689399,0.00750602985138882,0.0477654667168163,0.484519675238709,0.821322166581938,"BGI"
"54","Flight","(Intercept)",NA,0.0111866329902098,0.105766880403129,0.777928556786409,0.0477654667168163,0.484519675238709,0.821322166581938,"BGI"
"55","Rep","(Intercept)",NA,3.94622790330153e-06,0.00198651149085565,0.000274424250822593,0.0477654667168163,0.484519675238709,0.821322166581938,"BGI"
"56","Residual",NA,NA,0.00256939191715841,0.0506891696238793,0.178677833418062,0.0477654667168163,0.484519675238709,0.821322166581938,"BGI"
"57","Pedigree:Flight","(Intercept)",NA,2.00930739256177e-05,0.00448252985774972,0.0282301850661627,0.0126088087083534,0.458397313392029,0.750682005367655,"BCC"
"58","Pedigree","(Intercept)",NA,7.38117958625002e-06,0.00271683263861616,0.0103703428603204,0.0126088087083534,0.458397313392029,0.750682005367655,"BCC"
"59","Row","(Intercept)",NA,4.72317463663451e-06,0.00217328659790524,0.00663592313379193,0.0126088087083534,0.458397313392029,0.750682005367655,"BCC"
"60","Range","(Intercept)",NA,7.26635615550381e-06,0.00269561795429245,0.0102090192762886,0.0126088087083534,0.458397313392029,0.750682005367655,"BCC"
"61","Flight","(Intercept)",NA,0.000494592528321613,0.0222394363310227,0.694888132027375,0.0126088087083534,0.458397313392029,0.750682005367655,"BCC"
"62","Rep","(Intercept)",NA,2.4797879621314e-07,0.000497974694350165,0.000348403003716415,0.0126088087083534,0.458397313392029,0.750682005367655,"BCC"
"63","Residual",NA,NA,0.000177454199658756,0.0133211936274028,0.249317994632345,0.0126088087083534,0.458397313392029,0.750682005367655,"BCC"
"64","Pedigree:Flight","(Intercept)",NA,3.80131234153492e-05,0.00616547836062614,0.0300288693648356,0.0110028546428001,0.597978980550228,0.882286566222013,"CIVE"
"65","Pedigree","(Intercept)",NA,1.16239944233503e-05,0.00340939795614274,0.00918249748178859,0.0110028546428001,0.597978980550228,0.882286566222013,"CIVE"
"66","Row","(Intercept)",NA,3.71367730269001e-06,0.00192709037221662,0.00293365870957618,0.0110028546428001,0.597978980550228,0.882286566222013,"CIVE"
"67","Range","(Intercept)",NA,1.20654777685412e-05,0.00347353965984861,0.00953125192521156,0.0110028546428001,0.597978980550228,0.882286566222013,"CIVE"
"68","Flight","(Intercept)",NA,0.00105145788309027,0.0324261913133545,0.830610288687699,0.0110028546428001,0.597978980550228,0.882286566222013,"CIVE"
"69","Rep","(Intercept)",NA,6.69672616637036e-14,2.58780334770059e-07,5.29014974709531e-11,0.0110028546428001,0.597978980550228,0.882286566222013,"CIVE"
"70","Residual",NA,NA,0.000149011780346517,0.0122070381479914,0.117713433777987,0.0110028546428001,0.597978980550228,0.882286566222013,"CIVE"
"71","Pedigree:Flight","(Intercept)",NA,0.00254247473474594,0.0504229584092994,0.0152374866315061,0.113272810812776,0.655591062157265,0.910346796708341,"COM1"
"72","Pedigree","(Intercept)",NA,0.00143698113329421,0.037907533991203,0.00861207409814633,0.113272810812776,0.655591062157265,0.910346796708341,"COM1"
"73","Row","(Intercept)",NA,0.000642365483275122,0.0253449301296161,0.00384980638359174,0.113272810812776,0.655591062157265,0.910346796708341,"COM1"
"74","Range","(Intercept)",NA,0.000923845384579073,0.0303948249637841,0.00553676365185548,0.113272810812776,0.655591062157265,0.910346796708341,"COM1"
"75","Flight","(Intercept)",NA,0.14635167607799,0.382559375885613,0.877110665943241,0.113272810812776,0.655591062157265,0.910346796708341,"COM1"
"76","Rep","(Intercept)",NA,0,0,0,0.113272810812776,0.655591062157265,0.910346796708341,"COM1"
"77","Residual",NA,NA,0.0149592258730373,0.122307914188074,0.0896532032916595,0.113272810812776,0.655591062157265,0.910346796708341,"COM1"
"78","Pedigree:Flight","(Intercept)",NA,2.89884558074842e-05,0.00538409284907719,0.0146405461506866,0.0125893802504937,0.743121838936732,0.907345298783122,"COM2"
"79","Pedigree","(Intercept)",NA,2.66350481209807e-05,0.0051609154343954,0.0134519635620018,0.0125893802504937,0.743121838936732,0.907345298783122,"COM2"
"80","Row","(Intercept)",NA,1.14011391890017e-05,0.00337655729834424,0.00575811645765162,0.0125893802504937,0.743121838936732,0.907345298783122,"COM2"
"81","Range","(Intercept)",NA,1.58807062487758e-05,0.003985060382074,0.00802051045025559,0.0125893802504937,0.743121838936732,0.907345298783122,"COM2"
"82","Flight","(Intercept)",NA,0.00171364915243898,0.0413962456321703,0.865474162162527,0.0125893802504937,0.743121838936732,0.907345298783122,"COM2"
"83","Rep","(Intercept)",NA,0,0,0,0.0125893802504937,0.743121838936732,0.907345298783122,"COM2"
"84","Residual",NA,NA,0.000183457412308021,0.0135446451525324,0.0926547012168778,0.0125893802504937,0.743121838936732,0.907345298783122,"COM2"
"85","Pedigree:Flight","(Intercept)",NA,0.000228383726618784,0.0151123699868281,0.0321079711430701,0.0265820357110604,0.62285912790454,0.877211488237016,"ExG"
"86","Pedigree","(Intercept)",NA,7.58616842180629e-05,0.00870986132025435,0.0106652291027899,0.0265820357110604,0.62285912790454,0.877211488237016,"ExG"
"87","Row","(Intercept)",NA,2.2899607601082e-05,0.00478535344578454,0.00321940600115725,0.0265820357110604,0.62285912790454,0.877211488237016,"ExG"
"88","Range","(Intercept)",NA,7.82013379323844e-05,0.00884315203603243,0.0109941559272024,0.0265820357110604,0.62285912790454,0.877211488237016,"ExG"
"89","Flight","(Intercept)",NA,0.00583425152490593,0.0763822723209118,0.820224726062796,0.0265820357110604,0.62285912790454,0.877211488237016,"ExG"
"90","Rep","(Intercept)",NA,0,0,0,0.0265820357110604,0.62285912790454,0.877211488237016,"ExG"
"91","Residual",NA,NA,0.000873393643511394,0.0295532340617976,0.122788511762984,0.0265820357110604,0.62285912790454,0.877211488237016,"ExG"
"92","Pedigree:Flight","(Intercept)",NA,0.000114748385386526,0.0107120672788461,0.0117919557703133,0.0290775532991844,0.717848070892874,0.902146302193216,"ExG2"
"93","Pedigree","(Intercept)",NA,0.000119469911887255,0.0109302292696565,0.0122771567731633,0.0290775532991844,0.717848070892874,0.902146302193216,"ExG2"
"94","Row","(Intercept)",NA,5.68336101317086e-05,0.00753880694352286,0.0058404256816587,0.0290775532991844,0.717848070892874,0.902146302193216,"ExG2"
"95","Range","(Intercept)",NA,6.16518408034208e-05,0.00785186861857869,0.00633556435206886,0.0290775532991844,0.717848070892874,0.902146302193216,"ExG2"
"96","Flight","(Intercept)",NA,0.00842614800255086,0.0917940521087878,0.865901199616012,0.0290775532991844,0.717848070892874,0.902146302193216,"ExG2"
"97","Rep","(Intercept)",NA,0,0,0,0.0290775532991844,0.717848070892874,0.902146302193216,"ExG2"
"98","Residual",NA,NA,0.000952221501347369,0.0308580864822718,0.0978536978067838,0.0290775532991844,0.717848070892874,0.902146302193216,"ExG2"
"99","Pedigree:Flight","(Intercept)",NA,0.000636109281924462,0.0252212069878597,0.0198681746249882,0.0513551348180116,0.466136780111672,0.902075931692137,"ExGR"
"100","Pedigree","(Intercept)",NA,0.000140239922908938,0.0118422938195663,0.00438023993191869,0.0513551348180116,0.466136780111672,0.902075931692137,"ExGR"
"101","Row","(Intercept)",NA,6.16613322329721e-05,0.00785247300109794,0.00192592397442737,0.0513551348180116,0.466136780111672,0.902075931692137,"ExGR"
"102","Range","(Intercept)",NA,0.000118134133642238,0.0108689527389826,0.00368978988842108,0.0513551348180116,0.466136780111672,0.902075931692137,"ExGR"
"103","Flight","(Intercept)",NA,0.0279251634504881,0.167108238727144,0.872211803272381,0.0513551348180116,0.466136780111672,0.902075931692137,"ExGR"
"104","Rep","(Intercept)",NA,0,0,0,0.0513551348180116,0.466136780111672,0.902075931692137,"ExGR"
"105","Residual",NA,NA,0.00313518528753489,0.0559927253090515,0.0979240683078634,0.0513551348180116,0.466136780111672,0.902075931692137,"ExGR"
"106","Pedigree:Flight","(Intercept)",NA,0.000148539489373116,0.012187677767857,0.0122892607889982,0.030458718519898,0.449379880229655,0.912598407618585,"ExR"
"107","Pedigree","(Intercept)",NA,4.29205728803053e-05,0.00655137946392248,0.0035509891380759,0.030458718519898,0.449379880229655,0.912598407618585,"ExR"
"108","Row","(Intercept)",NA,2.02405965835957e-05,0.00449895505463165,0.00167458479216862,0.030458718519898,0.449379880229655,0.912598407618585,"ExR"
"109","Range","(Intercept)",NA,1.25530606928748e-05,0.00354302987467997,0.00103856447336611,0.030458718519898,0.449379880229655,0.912598407618585,"ExR"
"110","Flight","(Intercept)",NA,0.0108061766951606,0.103952761844795,0.894037835320976,0.030458718519898,0.449379880229655,0.912598407618585,"ExR"
"111","Rep","(Intercept)",NA,8.67008498088219e-08,0.000294450080334209,7.17310500005811e-06,0.030458718519898,0.449379880229655,0.912598407618585,"ExR"
"112","Residual",NA,NA,0.00105641731635763,0.0325025739958797,0.0874015923814147,0.030458718519898,0.449379880229655,0.912598407618585,"ExR"
"113","Pedigree:Flight","(Intercept)",NA,0.000149111564399162,0.0122111246164783,0.0546682379648557,0.0202467726879539,0.569230268887836,0.811246212411999,"Gmb"
"114","Pedigree","(Intercept)",NA,3.62252222959805e-05,0.00601873926133875,0.0132811233037912,0.0202467726879539,0.569230268887836,0.811246212411999,"Gmb"
"115","Row","(Intercept)",NA,1.07574762935336e-05,0.00327985918806488,0.00394397494443762,0.0202467726879539,0.569230268887836,0.811246212411999,"Gmb"
"116","Range","(Intercept)",NA,3.67983936545965e-05,0.0060661679546973,0.0134912630629287,0.0202467726879539,0.569230268887836,0.811246212411999,"Gmb"
"117","Flight","(Intercept)",NA,0.00197928747947121,0.0444891838481131,0.725659068527619,0.0202467726879539,0.569230268887836,0.811246212411999,"Gmb"
"118","Rep","(Intercept)",NA,5.52455036754048e-07,0.000743273191198262,0.000202544608366561,0.0202467726879539,0.569230268887836,0.811246212411999,"Gmb"
"119","Residual",NA,NA,0.000514839577811298,0.0226900766374047,0.188753787588001,0.0202467726879539,0.569230268887836,0.811246212411999,"Gmb"
"120","Pedigree:Flight","(Intercept)",NA,2.31301290816591e-05,0.00480937928236681,0.0134160086932297,0.0101693145622268,0.648060533457416,0.92914923133749,"GmR"
"121","Pedigree","(Intercept)",NA,1.1452354897035e-05,0.00338413281314948,0.00664263015196077,0.0101693145622268,0.648060533457416,0.92914923133749,"GmR"
"122","Row","(Intercept)",NA,4.36640719632064e-06,0.00208959498379965,0.00253261694723826,0.0101693145622268,0.648060533457416,0.92914923133749,"GmR"
"123","Range","(Intercept)",NA,9.1632338446017e-06,0.00302708338910604,0.00531488711036866,0.0101693145622268,0.648060533457416,0.92914923133749,"GmR"
"124","Flight","(Intercept)",NA,0.00155373008987256,0.0394173830926478,0.901199311040233,0.0101693145622268,0.648060533457416,0.92914923133749,"GmR"
"125","Rep","(Intercept)",NA,7.54752630128951e-08,0.00027472761603613,4.37773944594073e-05,0.0101693145622268,0.648060533457416,0.92914923133749,"GmR"
"126","Residual",NA,NA,0.000122151637060703,0.0110522231727695,0.0708507686625101,0.0101693145622268,0.648060533457416,0.92914923133749,"GmR"
"127","Pedigree:Flight","(Intercept)",NA,0.00203602281120277,0.0451223094622025,0.0198753504205901,0.124106202659859,0.650924196858398,0.831157123069609,"GdB"
"128","Pedigree","(Intercept)",NA,0.00158840164928111,0.0398547569216161,0.0155057395302243,0.124106202659859,0.650924196858398,0.831157123069609,"GdB"
"129","Row","(Intercept)",NA,0.000891792980783388,0.0298629030869972,0.00870554980924875,0.124106202659859,0.650924196858398,0.831157123069609,"GdB"
"130","Range","(Intercept)",NA,0.00116365783918065,0.0341124293942934,0.0113594539295556,0.124106202659859,0.650924196858398,0.831157123069609,"GdB"
"131","Flight","(Intercept)",NA,0.079463522264826,0.281892749578321,0.775711029354713,0.124106202659859,0.650924196858398,0.831157123069609,"GdB"
"132","Rep","(Intercept)",NA,2.58939871185721e-12,1.60916087196315e-06,2.52773232665227e-11,0.124106202659859,0.650924196858398,0.831157123069609,"GdB"
"133","Residual",NA,NA,0.0172961956224555,0.131515001511065,0.168842876930391,0.124106202659859,0.650924196858398,0.831157123069609,"GdB"
"134","Pedigree:Flight","(Intercept)",NA,0.000262557467153036,0.0162036251238121,0.00902277613185028,0.0454810787805341,0.793320401144607,0.920308280176683,"GdR"
"135","Pedigree","(Intercept)",NA,0.000437446419763886,0.0209152198115125,0.0150328275101328,0.0454810787805341,0.793320401144607,0.920308280176683,"GdR"
"136","Row","(Intercept)",NA,0.00020208374182784,0.0142156161255093,0.00694459914688489,0.0454810787805341,0.793320401144607,0.920308280176683,"GdR"
"137","Range","(Intercept)",NA,0.000152819458362949,0.012362016759532,0.00525163415213713,0.0454810787805341,0.793320401144607,0.920308280176683,"GdR"
"138","Flight","(Intercept)",NA,0.02572552140553,0.160391774744,0.884056443086902,0.0454810787805341,0.793320401144607,0.920308280176683,"GdR"
"139","Rep","(Intercept)",NA,4.32929361388304e-12,2.08069546399348e-06,1.48775989922037e-10,0.0454810787805341,0.793320401144607,0.920308280176683,"GdR"
"140","Residual",NA,NA,0.0023189820742664,0.048155810389468,0.079691719823317,0.0454810787805341,0.793320401144607,0.920308280176683,"GdR"
"141","Pedigree:Flight","(Intercept)",NA,1.27499061003893e-05,0.00357070106567174,0.0117914768273929,0.00969251038124797,0.717852796656639,0.902151047750234,"GCC"
"142","Pedigree","(Intercept)",NA,1.32747347339063e-05,0.00364345093749132,0.012276853317364,0.00969251038124797,0.717852796656639,0.902151047750234,"GCC"
"143","Row","(Intercept)",NA,6.31496912175408e-06,0.00251296023083416,0.00584026356575216,0.00969251038124797,0.717852796656639,0.902151047750234,"GCC"
"144","Range","(Intercept)",NA,6.85050993507752e-06,0.00261734788193651,0.0063355469851519,0.00969251038124797,0.717852796656639,0.902151047750234,"GCC"
"145","Flight","(Intercept)",NA,0.000936289144967547,0.0305988422161288,0.865906907054573,0.00969251038124797,0.717852796656639,0.902151047750234,"GCC"
"146","Rep","(Intercept)",NA,0,0,0,0.00969251038124797,0.717852796656639,0.902151047750234,"GCC"
"147","Residual",NA,NA,0.000105802264760235,0.0102860227862977,0.0978489522497665,0.00969251038124797,0.717852796656639,0.902151047750234,"GCC"
"148","Pedigree:Flight","(Intercept)",NA,3.85167576756936e-05,0.00620618704807498,0.0198158715739583,0.0126411032552142,0.724801561608317,0.901976118757117,"MExG"
"149","Pedigree","(Intercept)",NA,2.56992663846988e-05,0.00506944438619251,0.0132216051650034,0.0126411032552142,0.724801561608317,0.901976118757117,"MExG"
"150","Row","(Intercept)",NA,7.08785543414965e-06,0.00266230265637655,0.00364651755478696,0.0126411032552142,0.724801561608317,0.901976118757117,"MExG"
"151","Range","(Intercept)",NA,2.39937274917622e-05,0.00489833925854081,0.0123441496961037,0.0126411032552142,0.724801561608317,0.901976118757117,"MExG"
"152","Flight","(Intercept)",NA,0.00165790287504986,0.0407173534877927,0.852947974767264,0.0126411032552142,0.724801561608317,0.901976118757117,"MExG"
"153","Rep","(Intercept)",NA,0,0,0,0.0126411032552142,0.724801561608317,0.901976118757117,"MExG"
"154","Residual",NA,NA,0.000190532223938355,0.0138033410426011,0.0980238812428833,0.0126411032552142,0.724801561608317,0.901976118757117,"MExG"
"155","Pedigree:Flight","(Intercept)",NA,0.000109025532725804,0.0104415292331058,0.00847153186497043,0.0266900612110012,0.784425777014685,0.936970452722701,"MGVRI"
"156","Pedigree","(Intercept)",NA,0.000146512272533537,0.0121042253999807,0.0113843368094209,0.0266900612110012,0.784425777014685,0.936970452722701,"MGVRI"
"157","Row","(Intercept)",NA,6.38151422837396e-05,0.0079884380377981,0.00495858169924237,0.0266900612110012,0.784425777014685,0.936970452722701,"MGVRI"
"158","Range","(Intercept)",NA,5.15879078013219e-05,0.0071824722624819,0.00400849776983131,0.0266900612110012,0.784425777014685,0.936970452722701,"MGVRI"
"159","Flight","(Intercept)",NA,0.0116873710465847,0.108108145144502,0.908135312559146,0.0266900612110012,0.784425777014685,0.936970452722701,"MGVRI"
"160","Rep","(Intercept)",NA,1.56906862471245e-07,0.000396114708728727,1.21920200894655e-05,0.0266900612110012,0.784425777014685,0.936970452722701,"MGVRI"
"161","Residual",NA,NA,0.000811167340087414,0.0284809996328678,0.0630295472772996,0.0266900612110012,0.784425777014685,0.936970452722701,"MGVRI"
"162","Pedigree:Flight","(Intercept)",NA,0.513925980112054,0.716886309056083,0.00844577366149486,1.88344403124956,0.789759053087647,0.933931698234503,"NDI"
"163","Pedigree","(Intercept)",NA,0.747310132070772,0.864471012857442,0.01228116980783,1.88344403124956,0.789759053087647,0.933931698234503,"NDI"
"164","Row","(Intercept)",NA,0.330768389446053,0.575124672958875,0.00543579242876463,1.88344403124956,0.789759053087647,0.933931698234503,"NDI"
"165","Range","(Intercept)",NA,0.261610771630032,0.511479004095018,0.00429926769632179,1.88344403124956,0.789759053087647,0.933931698234503,"NDI"
"166","Flight","(Intercept)",NA,54.9754872267711,7.41454565207951,0.903457968687387,1.88344403124956,0.789759053087647,0.933931698234503,"NDI"
"167","Rep","(Intercept)",NA,0.000713525128432343,0.0267118911429412,1.17259527047352e-05,1.88344403124956,0.789759053087647,0.933931698234503,"NDI"
"168","Residual",NA,NA,4.0202612691331,2.00505891911761,0.0660683017654974,1.88344403124956,0.789759053087647,0.933931698234503,"NDI"
"169","Pedigree:Flight","(Intercept)",NA,0.000118345005493769,0.0108786490656593,0.0381013767026447,0.0313377791020031,0.397076926051807,0.648708573701549,"NDRBI"
"170","Pedigree","(Intercept)",NA,3.52360043231313e-05,0.00593599227788676,0.0113442917900099,0.0313377791020031,0.397076926051807,0.648708573701549,"NDRBI"
"171","Row","(Intercept)",NA,2.38903422446239e-05,0.00488777477433483,0.00769153650058725,0.0313377791020031,0.397076926051807,0.648708573701549,"NDRBI"
"172","Range","(Intercept)",NA,3.41456682403528e-05,0.00584342949305909,0.0109932562253986,0.0313377791020031,0.397076926051807,0.648708573701549,"NDRBI"
"173","Flight","(Intercept)",NA,0.00180185890427192,0.0424483086149721,0.580111552576621,0.0313377791020031,0.397076926051807,0.648708573701549,"NDRBI"
"174","Rep","(Intercept)",NA,1.44916114458867e-06,0.00120381109173685,0.000466559906287858,0.0313377791020031,0.397076926051807,0.648708573701549,"NDRBI"
"175","Residual",NA,NA,0.00109113080347877,0.0330322691239759,0.351291426298451,0.0313377791020031,0.397076926051807,0.648708573701549,"NDRBI"
"176","Pedigree:Flight","(Intercept)",NA,0.000142278998072066,0.0119280760423493,0.0205073901269196,0.0334256177860513,0.541392150724599,0.819942083211985,"NGBDI"
"177","Pedigree","(Intercept)",NA,7.2498280102749e-05,0.00851459218652009,0.0104495430368768,0.0334256177860513,0.541392150724599,0.819942083211985,"NGBDI"
"178","Row","(Intercept)",NA,4.32408477908144e-05,0.00657577735258839,0.00623252164466202,0.0334256177860513,0.541392150724599,0.819942083211985,"NGBDI"
"179","Range","(Intercept)",NA,6.16458844533009e-05,0.00785148931434673,0.00888533247586208,0.0334256177860513,0.541392150724599,0.819942083211985,"NGBDI"
"180","Flight","(Intercept)",NA,0.00536799307396899,0.0732665890701143,0.773715936000094,0.0334256177860513,0.541392150724599,0.819942083211985,"NGBDI"
"181","Rep","(Intercept)",NA,1.05012576976966e-06,0.00102475644412205,0.000151359927570549,0.0334256177860513,0.541392150724599,0.819942083211985,"NGBDI"
"182","Residual",NA,NA,0.00124923063524859,0.0353444569239448,0.180057916788015,0.0334256177860513,0.541392150724599,0.819942083211985,"NGBDI"
"183","Pedigree:Flight","(Intercept)",NA,0.000116151049728999,0.010777339640607,0.0649438508246237,0.0178706152687851,0.47822217656556,0.775990776710931,"RmB"
"184","Pedigree","(Intercept)",NA,1.95544762332787e-05,0.00442204434999002,0.0109335472250204,0.0178706152687851,0.47822217656556,0.775990776710931,"RmB"
"185","Row","(Intercept)",NA,7.97330241033638e-06,0.00282370366900218,0.0044581341582763,0.0178706152687851,0.47822217656556,0.775990776710931,"RmB"
"186","Range","(Intercept)",NA,1.25881168249521e-05,0.00354797362235855,0.00703842783298167,0.0178706152687851,0.47822217656556,0.775990776710931,"RmB"
"187","Flight","(Intercept)",NA,0.00123058317691477,0.0350796689966534,0.688059302566004,0.0178706152687851,0.47822217656556,0.775990776710931,"RmB"
"188","Rep","(Intercept)",NA,9.97105154667599e-07,0.000998551528298665,0.000557514104024741,0.0178706152687851,0.47822217656556,0.775990776710931,"RmB"
"189","Residual",NA,NA,0.000400636951822663,0.0200159174614271,0.224009223289069,0.0178706152687851,0.47822217656556,0.775990776710931,"RmB"
"190","Pedigree:Flight","(Intercept)",NA,0.00107600514244782,0.0328025173187641,0.0404813984981932,0.0923551600220458,0.406655252251776,0.642137131553971,"RdB"
"191","Pedigree","(Intercept)",NA,0.00032036896508261,0.0178988537365556,0.012052901264449,0.0923551600220458,0.406655252251776,0.642137131553971,"RdB"
"192","Row","(Intercept)",NA,0.000296472176423736,0.0172183674145877,0.0111538577688702,0.0923551600220458,0.406655252251776,0.642137131553971,"RdB"
"193","Range","(Intercept)",NA,0.000409126046807178,0.0202268644828401,0.0153921146688154,0.0923551600220458,0.406655252251776,0.642137131553971,"RdB"
"194","Flight","(Intercept)",NA,0.0149651104549128,0.122331968245888,0.563016454100436,0.0923551600220458,0.406655252251776,0.642137131553971,"RdB"
"195","Rep","(Intercept)",NA,1.07398118263883e-06,0.00103633063384174,4.04052532082316e-05,0.0923551600220458,0.406655252251776,0.642137131553971,"RdB"
"196","Residual",NA,NA,0.00951207964705665,0.097529891044011,0.357862868446028,0.0923551600220458,0.406655252251776,0.642137131553971,"RdB"
"197","Pedigree:Flight","(Intercept)",NA,6.53698699738784e-06,0.00255675321401731,0.0191858280995322,0.00676670350729897,0.612313364445015,0.848194932544874,"RCC"
"198","Pedigree","(Intercept)",NA,4.03970469993282e-06,0.0020099016642445,0.0118563919397046,0.00676670350729897,0.612313364445015,0.848194932544874,"RCC"
"199","Row","(Intercept)",NA,1.74375820175276e-06,0.00132051437014247,0.00511786930574384,0.00676670350729897,0.612313364445015,0.848194932544874,"RCC"
"200","Range","(Intercept)",NA,1.01364395432592e-06,0.00100679886488112,0.00297500953720701,0.00676670350729897,0.612313364445015,0.848194932544874,"RCC"
"201","Flight","(Intercept)",NA,0.000275495060994332,0.0165980438906014,0.80856836408264,0.00676670350729897,0.612313364445015,0.848194932544874,"RCC"
"202","Rep","(Intercept)",NA,1.67453301348672e-07,0.00040921058313376,0.00049146958004637,0.00676670350729897,0.612313364445015,0.848194932544874,"RCC"
"203","Residual",NA,NA,5.17229564939101e-05,0.00719186738572884,0.151805067455126,0.00676670350729897,0.612313364445015,0.848194932544874,"RCC"
"204","Pedigree:Flight","(Intercept)",NA,9.84965915174355e-05,0.0099245449022832,0.015363932497948,0.026635259364516,0.465141444447857,0.875532511723153,"MRCC"
"205","Pedigree","(Intercept)",NA,3.42682413162882e-05,0.00585390820873442,0.00534531132799297,0.026635259364516,0.465141444447857,0.875532511723153,"MRCC"
"206","Row","(Intercept)",NA,9.59457674885443e-06,0.00309751137993946,0.0014966043722405,0.026635259364516,0.465141444447857,0.875532511723153,"MRCC"
"207","Range","(Intercept)",NA,2.41921988154672e-05,0.00491855657845543,0.00377360580555704,0.026635259364516,0.465141444447857,0.875532511723153,"MRCC"
"208","Flight","(Intercept)",NA,0.00544639730158626,0.0737997107147871,0.849553057719414,0.026635259364516,0.465141444447857,0.875532511723153,"MRCC"
"209","Rep","(Intercept)",NA,0,0,0,0.026635259364516,0.465141444447857,0.875532511723153,"MRCC"
"210","Residual",NA,NA,0.000797948269536019,0.0282479781495246,0.124467488276847,0.026635259364516,0.465141444447857,0.875532511723153,"MRCC"
"211","Pedigree:Flight","(Intercept)",NA,0.000208755454145905,0.0144483720240692,0.0134656305042524,0.039288651539558,0.642210115195456,0.887992166867948,"RGBVI"
"212","Pedigree","(Intercept)",NA,0.000153681353689409,0.0123968283721849,0.00991311260652636,0.039288651539558,0.642210115195456,0.887992166867948,"RGBVI"
"213","Row","(Intercept)",NA,8.28461776795562e-05,0.0091019875675347,0.00534393710519697,0.039288651539558,0.642210115195456,0.887992166867948,"RGBVI"
"214","Range","(Intercept)",NA,9.81861010833355e-05,0.00990889000258533,0.0063334285719658,0.039288651539558,0.642210115195456,0.887992166867948,"RGBVI"
"215","Flight","(Intercept)",NA,0.013222677683092,0.114989902526665,0.852919952131627,0.039288651539558,0.642210115195456,0.887992166867948,"RGBVI"
"216","Rep","(Intercept)",NA,2.49687867747948e-07,0.000499687770260537,1.61059483798616e-05,0.039288651539558,0.642210115195456,0.887992166867948,"RGBVI"
"217","Residual",NA,NA,0.00173643900788724,0.0416706012422096,0.112007833132052,0.039288651539558,0.642210115195456,0.887992166867948,"RGBVI"
"218","Pedigree:Flight","(Intercept)",NA,0.000704241986665718,0.0265375580388573,0.0154966515242629,0.0848128002195287,0.464028492970538,0.826547264053496,"TGI"
"219","Pedigree","(Intercept)",NA,0.000331595990731949,0.0182097773388899,0.00729667871628175,0.0848128002195287,0.464028492970538,0.826547264053496,"TGI"
"220","Row","(Intercept)",NA,0.000113996530054641,0.0106769157557153,0.00250846233919658,0.0848128002195287,0.464028492970538,0.826547264053496,"TGI"
"221","Range","(Intercept)",NA,0.000243380533957284,0.0156006581257742,0.00535552181485498,0.0848128002195287,0.464028492970538,0.826547264053496,"TGI"
"222","Flight","(Intercept)",NA,0.0361690471285036,0.190181616168608,0.795889949658899,0.0848128002195287,0.464028492970538,0.826547264053496,"TGI"
"223","Rep","(Intercept)",NA,0,0,0,0.0848128002195287,0.464028492970538,0.826547264053496,"TGI"
"224","Residual",NA,NA,0.00788252217998949,0.0887835693131871,0.173452735946504,0.0848128002195287,0.464028492970538,0.826547264053496,"TGI"
"225","Pedigree:Flight","(Intercept)",NA,0.000376853696076744,0.0194127199556565,0.0101569114780193,0.0526544631250382,0.785788991785659,0.915771071439079,"VEG"
"226","Pedigree","(Intercept)",NA,0.000565358826069258,0.0237772754130758,0.0152374770620081,0.0526544631250382,0.785788991785659,0.915771071439079,"VEG"
"227","Row","(Intercept)",NA,0.000261306971757687,0.0161649921669541,0.0070427112918421,0.0526544631250382,0.785788991785659,0.915771071439079,"VEG"
"228","Range","(Intercept)",NA,0.000244864064802949,0.0156481329494272,0.00659954421634505,0.0526544631250382,0.785788991785659,0.915771071439079,"VEG"
"229","Flight","(Intercept)",NA,0.032529633654384,0.180359734016171,0.876734427390865,0.0526544631250382,0.785788991785659,0.915771071439079,"VEG"
"230","Rep","(Intercept)",NA,0,0,0,0.0526544631250382,0.785788991785659,0.915771071439079,"VEG"
"231","Residual",NA,NA,0.00312516094222739,0.0559031389300045,0.0842289285609205,0.0526544631250382,0.785788991785659,0.915771071439079,"VEG"
"232","Pedigree:Flight","(Intercept)",NA,0.000248795405050556,0.0157732496667794,0.0413459010570689,0.0417535954198043,0.355402838332608,0.673888224283787,"NRMBI"
"233","Pedigree","(Intercept)",NA,5.35135667782888e-05,0.00731529676624871,0.00889311696402261,0.0417535954198043,0.355402838332608,0.673888224283787,"NRMBI"
"234","Row","(Intercept)",NA,3.58976849915138e-05,0.00599146768258945,0.00596563321390665,0.0417535954198043,0.355402838332608,0.673888224283787,"NRMBI"
"235","Range","(Intercept)",NA,4.21352714588819e-05,0.00649116872827088,0.00700222242608405,0.0417535954198043,0.355402838332608,0.673888224283787,"NRMBI"
"236","Flight","(Intercept)",NA,0.00366954554867345,0.0605767740035193,0.609821017992796,0.0417535954198043,0.355402838332608,0.673888224283787,"NRMBI"
"237","Rep","(Intercept)",NA,5.17697763657069e-06,0.0022752972633418,0.000860332629908559,0.0417535954198043,0.355402838332608,0.673888224283787,"NRMBI"
"238","Residual",NA,NA,0.00196234957412301,0.0442984150294682,0.326111775716213,0.0417535954198043,0.355402838332608,0.673888224283787,"NRMBI"
"239","Pedigree:Flight","(Intercept)",NA,4.53196488831222e-05,0.00673198699368338,0.00862296993593545,0.0184040716110311,0.794546678797498,0.927443454970969,"MSRGR"
"240","Pedigree","(Intercept)",NA,7.26679997622735e-05,0.00852455276024927,0.0138265408646626,0.0184040716110311,0.794546678797498,0.927443454970969,"MSRGR"
"241","Row","(Intercept)",NA,3.29499008451349e-05,0.00574020041855116,0.00626937788314299,0.0184040716110311,0.794546678797498,0.927443454970969,"MSRGR"
"242","Range","(Intercept)",NA,2.53400700252115e-05,0.00503389213484075,0.00482145531545091,0.0184040716110311,0.794546678797498,0.927443454970969,"MSRGR"
"243","Flight","(Intercept)",NA,0.00469803733104093,0.0685422302747797,0.893895598528244,0.0184040716110311,0.794546678797498,0.927443454970969,"MSRGR"
"244","Rep","(Intercept)",NA,3.94830674018527e-08,0.000198703466003622,7.5124435333276e-06,0.0184040716110311,0.794546678797498,0.927443454970969,"MSRGR"
"245","Residual",NA,NA,0.000381334641001668,0.019527791503436,0.0725565450290307,0.0184040716110311,0.794546678797498,0.927443454970969,"MSRGR"
"246","Pedigree:Flight","(Intercept)",NA,1.26958256746003e-05,0.00356312021613084,0.00844946186799289,0.00918790669206796,0.78376736673018,0.936124335950241,"TNDGR"
"247","Pedigree","(Intercept)",NA,1.72507908978459e-05,0.00415340714327959,0.0114809311044401,0.00918790669206796,0.78376736673018,0.936124335950241,"TNDGR"
"248","Row","(Intercept)",NA,7.55956732245773e-06,0.00274946673419733,0.00503112420308518,0.00918790669206796,0.78376736673018,0.936124335950241,"TNDGR"
"249","Range","(Intercept)",NA,6.0756256958884e-06,0.00246487843430227,0.00404351547960452,0.00918790669206796,0.78376736673018,0.936124335950241,"TNDGR"
"250","Flight","(Intercept)",NA,0.00136298681048615,0.0369186512549707,0.907109578924062,0.00918790669206796,0.78376736673018,0.936124335950241,"TNDGR"
"251","Rep","(Intercept)",NA,1.46114535641136e-08,0.000120877845629849,9.72437105630104e-06,0.00918790669206796,0.78376736673018,0.936124335950241,"TNDGR"
"252","Residual",NA,NA,9.59770347857324e-05,0.00979678696235314,0.0638756640497591,0.00918790669206796,0.78376736673018,0.936124335950241,"TNDGR"
